ESTACION,ANO,MES,DIA,HORA,MINUTO,PARTE
41850,2024,07,19,06,00,AAXX 19064 41850 NIL=
41850,2024,07,24,12,00,AAXX 24124 41850 32456 60000 10320 20250 39831 49926 82510 333 10350 56990 59036 70060 82618 86458=
41850,2024,07,24,18,00,AAXX 24184 41850 31445 20000 10289 20260 39857 49953 82500 333 56900 59038 70000 82618=
41850,2024,07,25,00,00,AAXX 25004 41850 11450 30000 10265 20265 39842 49939 60194 70562 83500 333 56900 59021 70190 83618=
41850,2024,07,25,06,00,AAXX 25064 41850 32457 70000 10330 20260 39846 49941 82510 333 56990 59010 70190 82618 87458=
41850,2024,07,25,12,00,AAXX 25124 41850 32456 60000 10313 20270 39830 49925 82510 333 10349 56990 59001 70190 82618=
41851,2024,07,19,06,00,AAXX 19064 41851 32450 30901 10346 20280 39929 49990 83530 333 56990 59023 70000 82618 83362=
41851,2024,07,20,06,00,AAXX 20064 41851 32450 81201 10333 20260 39951 40012 8352/ 333 56999 58022 70000 83618 88458=
41851,2024,07,21,12,00,AAXX 21124 41851 32450 21201 10340 20260 39917 49977 81530 333 10350 56990 59008 70000 81618=
41851,2024,07,22,18,00,AAXX 22184 41851 11450 80901 10275 20260 39957 40019 60083 70262 8352/ 333 56999 58004 70118 83618 88458=
41851,2024,07,23,00,00,AAXX 23004 41851 11450 80901 10270 20260 39942 40004 60014 70262 8352/ 333 56999 59008 70130 83618 88458=
41851,2024,07,24,12,00,AAXX 24124 41851 NIL=
41851,2024,07,25,06,00,AAXX 25064 41851 32350 61502 10336 20280 39883 49943 83620 333 56290 59016 70022 81709 83617 86458=
41851,2024,07,25,12,00,AAXX 25124 41851 NIL=
41856,2024,07,19,06,00,AAXX 19064 41856 32456 50000 10340 20260 39958 49992 83430 333 56990 59019 70000 81618 83825 85362=
41856,2024,07,20,06,00,AAXX 20064 41856 32950 21402 10320 20260 39979 40014 82030 333 65090 58021 70000 82362=
41856,2024,07,21,12,00,AAXX 21124 41856 32450 21101 10325 20270 39946 49980 81130 333 10344 56990 59004 70000 81830=
41856,2024,07,22,18,00,AAXX 22184 41856 11420 81301 10275 20260 39986 40021 60478 70362 8642/ 333 56999 58004 70472 84618 88458=
41856,2024,07,23,00,00,AAXX 23004 41856 11340 80000 10274 20260 39970 40005 60096 70262 8662/ 333 56399 59007 70557 83710 83618 88458=
41856,2024,07,24,12,00,AAXX 24124 41856 NIL=
41856,2024,07,25,00,00,AAXX 25004 41856 32004 51301 10280 20260 39906 49941 83430 333 56990 59020 70026 82618 83458=
41856,2024,07,25,06,00,AAXX 25064 41856 32456 81002 10330 20260 39908 49942 83430 333 56990 59017 70000 82618 83458=
41856,2024,07,25,12,00,AAXX 25124 41856 NIL=
41858,2024,07,19,06,00,AAXX 19064 41858 NIL=
41858,2024,07,21,09,00,AAXX 21094 41858 01450 41204 10354 20260 39946 49989 70522 84400 333 59003 70000 82615 83825==
41858,2024,07,24,12,00,AAXX 24124 41858 NIL=
41858,2024,07,25,12,00,AAXX 25124 41858 NIL=
41859,2024,07,19,00,00,AAXX 19004 41859 02440 80502 10294 20280 39955 49991 8562/ 333 59023 70002 82710 84618 88458==
41859,2024,07,19,03,00,AAXX 19034 41859 NIL=
41859,2024,07,19,06,00,AAXX 19064 41859 02450 60000 10348 20270 39956 49993 83620 333 59021 70000 82710 83618 86458==
41859,2024,07,19,12,00,AAXX 19124 41859 NIL=
41859,2024,07,19,18,00,AAXX 19184 41859 NIL=
41859,2024,07,20,03,00,AAXX 20034 41859 NIL=
41859,2024,07,20,09,00,AAXX 20094 41859 02450 71302 10345 20270 39957 49994 85620 333 58017 70000 82710 84618 87458==
41859,2024,07,20,12,00,AAXX 20121 41859 02450 71301 10332 20260 39949 49986 85620 333 10350 58023 70000 82710 84618 87458==
41859,2024,07,20,18,00,AAXX 20184 41859 NIL=
41859,2024,07,21,03,00,AAXX 21034 41859 NIL=
41859,2024,07,21,09,00,AAXX 21094 41859 02450 61303 10349 20260 39952 49989 84420 333 59005 70000 82618 83828 86458==
41859,2024,07,21,12,00,AAXX 21124 41859 02450 51302 10334 20260 39943 49980 83530 333 10355 59006 70000 83618 85362==
41859,2024,07,21,18,00,AAXX 21184 41859 11430 70000 10284 20260 39979 40015 60046 70262 85610 333 59001 70040 82710 84618 87458==
41859,2024,07,22,00,00,AAXX 22004 41859 02440 81302 10282 20260 39975 40011 8562/ 333 58004 70040 83710 84618 88458==
41859,2024,07,22,03,00,AAXX 22034 41859 NIL=
41859,2024,07,22,06,00,AAXX 22064 41859 02450 81302 10331 20250 39978 40015 8562/ 333 58002 70040 83710 84618 88458==
41859,2024,07,22,12,00,AAXX 22124 41859 NIL=
41859,2024,07,22,15,00,AAXX 22154 41859 01430 50502 10296 20270 39979 40015 70162 83530 333 58003 70002 83618 85362==
41859,2024,07,22,18,00,AAXX 22184 41859 NIL=
41859,2024,07,23,00,00,AAXX 23004 41859 01340 81302 20270 39968 40004 76122 8572/ 333 59009 70020 83708 84614 88456==
41859,2024,07,23,03,00,AAXX 23034 41859 NIL=
41859,2024,07,23,12,00,AAXX 23124 41859 NIL=
41859,2024,07,23,18,00,AAXX 23184 41859 02430 80000 10290 20260 39944 49980 8562/ 333 59038 70071 82710 84618 88458==
41859,2024,07,23,21,00,AAXX 23214 41859 01330 80902 10280 20260 39932 49968 76122 8672/ 333 59046 70213 84708 85616 88456==
41859,2024,07,24,00,00,AAXX 24004 41859 01330 80902 10269 20260 39925 49962 76162 8672/ 333 59043 70221 84708 85616 88456==
41859,2024,07,24,03,00,AAXX 24034 41859 01350 80902 10285 20280 39984 49970 76162 8672/ 333 20263 59039 70230 84708 85616 88456==
41859,2024,07,24,06,00,AAXX 24064 41859 01450 80000 10318 20260 30024 49961 70262 8562/ 333 59049 70220 83710 84618 88458==
41859,2024,07,24,09,00,AAXX 24094 41859 02450 60000 10340 20260 39902 49938 83570 333 59040 70190 82618 85458==
41859,2024,07,24,12,00,AAXX 24124 41859 02450 40000 10340 20260 39888 49924 82530 333 10345 59036 70190 82618 84362==
41859,2024,07,24,15,00,AAXX 24154 41859 02430 60000 10305 20280 39906 49943 83570 333 59038 70190 83618 85458==
41859,2024,07,24,18,00,AAXX 24184 41859 02430 80000 10297 20270 39916 49952 8561/ 333 59028 70190 82710 84618 88458==
41859,2024,07,24,21,00,AAXX 24214 41859 02430 80000 10290 20270 39899 49935 8561/ 333 59033 70048 82710 84618 88458==
41859,2024,07,25,00,00,AAXX 25001 41859 02430 80000 10285 20280 39904 49940 8561/ 333 59021 70024 82710 84618 88458==
41859,2024,07,25,03,00,AAXX 25034 41859 02450 71302 10311 20260 39914 49950 84620 333 20282 59020 70002 82710 83618 87458==
41859,2024,07,25,06,00,AAXX 25064 41859 02450 50502 10343 20250 39960 49943 84620 333 59028 70000 82710 83618 85458==
41859,2024,07,25,09,00,AAXX 25094 41859 02450 61802 10360 20260 39886 49922 84420 333 59016 70000 82618 83828 86458==
41859,2024,07,25,12,00,AAXX 25124 41859 02450 70000 10336 20270 39881 49917 84620 333 10362 59007 70000 82710 84618 87458==
41859,2024,07,25,15,00,AAXX 25154 41859 02430 70503 10320 20280 39903 49940 84200 333 59003 70000 82710 83618 87458==
41859,2024,07,25,18,00,AAXX 25184 41859 02430 70502 10310 20280 39907 49944 85620 333 59009 70000 82710 84618 87458==
41859,2024,07,25,21,00,AAXX 25214 41859 02430 70502 10305 20280 39895 49932 85620 333 59004 70000 82710 84618 87458==
41863,2024,07,19,03,00,AAXX 19034 41863 02457 80902 10320 20280 39955 49997 8452/ 333 20288 59022 70000 84618 88458==
41863,2024,07,19,06,00,AAXX 19064 41863 NIL=
41863,2024,07,20,06,00,AAXX 20064 41863 02457 71302 10340 20270 39964 40005 85520 333 58015 70012 85618 87458==
41863,2024,07,20,09,00,AAXX 20094 41863 02557 31303 10334 20260 39954 49995 83400 333 58026 70012 83620==
41863,2024,07,21,09,00,AAXX 21094 41863 02457 51304 10340 20260 39944 49985 85400 333 59010 70034 83618 85825==
41863,2024,07,21,12,00,AAXX 21124 41863 02457 51302 10342 20260 39933 49974 83520 333 10354 59005 70000 83618 85458==
41863,2024,07,22,15,00,AAXX 22154 41863 02450 50902 10294 20250 39969 40011 82520 333 58005 70070 82618 86458==
41863,2024,07,22,18,00,AAXX 22184 41863 02450 50902 10288 20260 39973 40015 82520 333 58005 70070 82618 85458==
41863,2024,07,23,00,00,AAXX 23004 41863 01450 80901 10275 20270 39956 49998 70362 8552/ 333 59008 70030 85618 88458==
41863,2024,07,24,12,00,AAXX 24124 41863 NIL=
41863,2024,07,25,00,00,AAXX 25004 41863 02456 40901 10285 20280 39894 49936 82520 333 59019 70000 82618 84458==
41863,2024,07,25,03,00,AAXX 25034 41863 02457 50902 10305 20280 39906 49947 83520 333 20273 59016 70000 83618 85458==
41863,2024,07,25,06,00,AAXX 25064 41863 02457 50903 10336 20270 39901 49942 85400 333 59013 70000 83618 85825==
41863,2024,07,25,12,00,AAXX 25124 41863 NIL=
41881,2024,07,19,00,00,AAXX 19004 41881 32457 80501 10295 20290 39972 49992 8552/ 333 56999 59021 70000 85618 88460=
41881,2024,07,19,06,00,AAXX 19064 41881 32458 60903 10326 20260 39970 49989 83520 333 56990 59013 70000 83618 86460=
41881,2024,07,20,06,00,AAXX 20064 41881 32457 61202 10320 20260 39990 40009 83520 333 56990 58020 70030 83618 86459=
41881,2024,07,21,12,00,AAXX 21124 41881 11457 70903 10314 20260 39956 49976 60026 70362 84520 333 10335 56290 59004 70016 84615 87458=
41881,2024,07,23,00,00,AAXX 23004 41881 32456 70903 10275 20270 39972 49992 8452/ 333 56990 59011 70045 84617 87459=
41881,2024,07,24,12,00,AAXX 24124 41881 NIL=
41881,2024,07,25,12,00,AAXX 25124 41881 NIL=
41883,2024,07,19,00,00,AAXX 19004 41883 21450 80502 10290 20280 39976 49996 70262 8552/ 333 59014 60055 70050 85616 88459==
41883,2024,07,19,03,00,AAXX 19034 41883 01450 60902 10306 20270 39984 40004 70162 83520 333 20280 59011 70054 83618 85458==
41883,2024,07,19,06,00,AAXX 19064 41883 11450 61302 10340 20260 39972 49992 69946 70262 84420 333 59015 70054 82618 83828 86458==
41883,2024,07,20,06,00,AAXX 20064 41883 02456 72302 10322 20250 39989 40009 84520 333 58017 70000 84616 87459==
41883,2024,07,20,09,00,AAXX 20094 41883 02456 60903 10334 20226 39970 49990 83510 333 58023 70000 83616 86459==
41883,2024,07,20,12,00,AAXX 20121 41883 02450 60902 10326 20260 39962 49982 83501 333 10336 58025 70000 83616 86080==
41883,2024,07,21,09,00,AAXX 21094 41883 02456 51302 10342 20260 39965 49985 83830 333 59005 70054 82616 85362==
41883,2024,07,21,12,00,AAXX 21124 41883 02450 61302 10324 20260 39961 49981 83530 333 10348 59001 70054 83616 86362==
41883,2024,07,21,18,00,AAXX 21184 41883 02430 80902 10293 20260 39991 40011 8552/ 333 59002 70000 85615 88458==
41883,2024,07,22,00,00,AAXX 22004 41883 02440 71302 10286 20270 39987 40007 85520 333 58007 70000 85615 87458==
41883,2024,07,22,06,00,AAXX 22064 41883 21456 70904 10308 20260 39991 40011 70262 84520 333 58003 60028 70016 84616 87459==
41883,2024,07,22,15,00,AAXX 22154 41883 01430 80000 10290 20280 39986 40006 70262 8552/ 333 59004 70076 85616 88458==
41883,2024,07,22,18,00,AAXX 22184 41883 21430 80000 10285 20280 39992 40012 70262 8552/ 333 58001 60108 70112 85616 88458==
41883,2024,07,23,00,00,AAXX 23004 41883 02440 80000 10280 20260 39976 49965 8552/ 333 59011 70112 85616 88458==
41883,2024,07,23,18,00,AAXX 23184 41883 02430 80902 10290 20270 39953 49973 8552/ 333 59039 70000 85616 88459==
41883,2024,07,24,00,00,AAXX 24004 41883 21330 80902 10274 20260 39932 49952 76166 8572/ 333 59046 60487 70480 85709 88458==
41883,2024,07,24,03,00,AAXX 24034 41883 NIL=
41883,2024,07,24,06,00,AAXX 24064 41883 21456 81302 10330 20270 39935 49955 76202 8552/ 333 59038 60098 70570 85616 88459==
41883,2024,07,24,09,00,AAXX 24094 41883 02456 70902 10340 20270 39913 49933 85420 333 59027 70570 83618 83828 87458==
41883,2024,07,24,12,00,AAXX 24124 41883 21456 20000 10318 20270 39902 49922 70162 82500 333 10344 59030 69925 70572 82618==
41883,2024,07,24,15,00,AAXX 24154 41883 02430 80000 10300 20270 39918 49938 8552/ 333 59038 70572 85616 88459==
41883,2024,07,24,18,00,AAXX 24184 41883 02430 80000 10290 20280 39933 49953 8552/ 333 59020 70572 85615 88459==
41883,2024,07,25,00,00,AAXX 25001 41883 21340 80000 10280 20270 39915 49935 70262 8572/ 333 59017 60037 70122 85709 88458==
41883,2024,07,25,03,00,AAXX 25034 41883 02456 81302 10306 20280 39925 49945 8552/ 333 20275 59015 70032 85616 86459==
41883,2024,07,25,06,00,AAXX 25064 41883 02456 81302 10330 20270 39919 49939 8352/ 333 59016 70032 85616 88459==
41883,2024,07,25,09,00,AAXX 25094 41883 02456 61302 10346 20270 39893 49913 83510 333 59020 70032 83616 86459==
41883,2024,07,25,12,00,AAXX 25124 41883 02450 60000 10332 20260 39895 49915 83530 333 10350 59007 70030 83616 86362==
41883,2024,07,25,15,00,AAXX 25154 41883 02430 40000 10314 20270 39917 49937 82520 333 59001 70030 82618 84458==
41883,2024,07,25,18,00,AAXX 25184 41883 02/30 20000 10304 20280 39921 49941 82030 333 59012 70030 82362==
41886,2024,07,19,03,00,AAXX 19034 41886 42456 70000 10308 20270 39991 40011 84370 333 20279 59012 83618 86460 81930==
41886,2024,07,19,06,00,AAXX 19064 41886 01456 71503 10310 20280 39986 40006 76196 85370 333 59002 70000 83618 86460 81930==
41886,2024,07,20,06,00,AAXX 20064 41886 02456 70000 10326 20280 30000 40020 84470 333 58014 70004 83618 84560==
41886,2024,07,21,12,00,AAXX 21124 41886 02456 71304 10308 20270 39974 49994 83470 333 10334 58005 70004 82618 85365==
41886,2024,07,24,12,00,AAXX 24124 41886 NIL=
41886,2024,07,25,00,00,AAXX 25001 41886 02450 81302 10285 20280 39924 49944 8351/ 333 59023 70002 83618 88460==
41886,2024,07,25,03,00,AAXX 25034 41886 02457 61306 10318 20280 39934 49954 84470 333 20284 59019 70000 83618 85365==
41886,2024,07,25,06,00,AAXX 25064 41886 02457 51303 10330 20270 39926 49946 85400 333 59020 70000 83618==
41886,2024,07,25,12,00,AAXX 25124 41886 NIL=
41888,2024,07,19,06,00,AAXX 19064 41888 NIL=
41888,2024,07,20,06,00,AAXX 20064 41888 11457 81204 10316 20260 30009 40019 69946 70162 83470 333 56990 58027 70066 82618 85460=
41888,2024,07,24,12,00,AAXX 24124 41888 NIL=
41888,2024,07,25,12,00,AAXX 25124 41888 NIL=
41891,2024,07,19,00,00,AAXX 19004 41891 21320 81404 10272 20260 39963 40001 76196 8632/ 333 59009 60269 70784 86708 88458 81925==
41891,2024,07,19,03,00,AAXX 19034 41891 01440 61204 10322 20270 39967 40004 70562 83340 333 20262 59016 70780 83615 85365 81930==
41891,2024,07,19,06,00,AAXX 19064 41891 11450 62103 10330 20280 39956 49999 60001 70562 83340 333 59012 70780 83615 85365 81930==
41891,2024,07,20,06,00,AAXX 20064 41891 01450 61504 10327 20240 39986 40023 70522 83340 333 58030 70524 83615 85365 81930==
41891,2024,07,20,09,00,AAXX 20094 41891 01450 70305 10330 20260 39960 49998 70522 85370 333 58024 70524 81710 83616 85365 81930==
41891,2024,07,20,12,00,AAXX 20121 41891 01450 73605 10322 20260 39953 49991 70522 84370 333 10340 58043 70524 83616 85365 81930==
41891,2024,07,21,09,00,AAXX 21094 41891 01950 62703 10354 20240 39957 49994 70522 84330 333 59003 70020 83616 85363 81930==
41891,2024,07,21,12,00,AAXX 21124 41891 01440 70000 10312 20240 39963 40000 70522 84330 333 10360 58010 70020 83616 85365 81930==
41891,2024,07,21,18,00,AAXX 21184 41891 11430 80803 10283 20260 39998 40036 60056 70562 8532/ 333 58006 70060 82710 84615 88459 81930==
41891,2024,07,22,00,00,AAXX 22004 41891 21430 80903 10277 20260 39994 40032 70562 8532/ 333 58012 69985 70058 83710 83615 88458 81930==
41891,2024,07,22,06,00,AAXX 22064 41891 11440 81804 10310 20240 39999 40037 69926 70562 8632/ 333 58017 70060 82710 83616 88458 81928==
41891,2024,07,22,15,00,AAXX 22154 41891 01430 60000 10274 20260 39997 40035 70522 84330 333 58002 70024 83616 85365 81930==
41891,2024,07,22,18,00,AAXX 22184 41891 01330 81604 10266 20260 30002 40040 76162 8632/ 333 58004 70030 85708 88458 81928==
41891,2024,07,23,00,00,AAXX 23004 41891 21325 82002 10265 20260 39987 40025 76166 8632/ 333 59007 60029 70062 86708 88458 81925==
41891,2024,07,23,18,00,AAXX 23184 41891 01330 80604 10272 20260 39960 49998 76062 8532/ 333 59042 70226 83710 82616 88458 81928==
41891,2024,07,24,00,00,AAXX 24004 41891 11430 80304 10272 20260 39937 49975 60006 70562 8632/ 333 59050 70206 82710 83616 88458 81928==
41891,2024,07,24,03,00,AAXX 24034 41891 01445 60902 10307 20270 39942 49979 70522 84330 333 20265 59051 70094 83616 85365 81930==
41891,2024,07,24,06,00,AAXX 24064 41891 01450 61308 10325 20240 39930 49967 70522 84330 333 59048 70094 83616 85365 81930==
41891,2024,07,24,09,00,AAXX 24094 41891 01450 60902 10331 20260 39906 49943 70522 84330 333 59048 70094 83616 85365 81930==
41891,2024,07,24,12,00,AAXX 24124 41891 01450 40000 10312 20260 39896 49933 70522 82801 333 10340 59058 70020 81618 83077==
41891,2024,07,24,15,00,AAXX 24154 41891 41440 72903 10304 20260 39919 49956 70522 84370 333 59041 84615 86460 81930==
41891,2024,07,24,18,00,AAXX 24184 41891 01320 80903 10280 20270 39931 49969 79596 8632/ 333 59029 70030 86708 88458 81925==
41891,2024,07,25,00,00,AAXX 25001 41891 11430 80903 10275 20270 39916 49954 60026 70596 8532/ 333 59021 70050 82710 84615 88458 81930==
41891,2024,07,25,03,00,AAXX 25034 41891 01450 61404 10315 20270 39921 49999 70522 84670 333 20267 59021 70050 83616 86365 81930==
41891,2024,07,25,06,00,AAXX 25064 41891 01450 30804 10345 20270 39902 49940 70521 82430 333 59028 70050 82828 83365==
41891,2024,07,25,09,00,AAXX 25094 41891 01450 30802 10355 20280 39883 49919 70521 83301 333 59023 70050 82825 81930==
41891,2024,07,25,12,00,AAXX 25124 41891 01450 30000 10344 20260 39873 49909 70500 83301 333 10362 59023 70050 82828 81930==
41891,2024,07,25,15,00,AAXX 25154 41891 01440 31802 10314 20270 39904 49941 70500 82430 333 59015 70050 82616 83365==
41891,2024,07,25,18,00,AAXX 25184 41891 01430 81802 10293 20260 39907 49944 70522 8532/ 333 59024 70024 82710 84615 88460 81930==
41895,2024,07,19,03,00,AAXX 19034 41895 02450 80902 10316 20270 39978 40000 8452/ 333 20286 59016 70005 84615 88458==
41895,2024,07,19,06,00,AAXX 19064 41895 NIL=
41895,2024,07,20,09,00,AAXX 20094 41895 02457 60904 10339 20270 39959 49980 85302 333 58013 70000 82615 83820 81930==
41895,2024,07,21,09,00,AAXX 21094 41895 02458 50504 10344 20270 39957 49978 85400 333 59002 70000 83615 83820==
41895,2024,07,21,12,00,AAXX 21124 41895 21456 70903 10337 20270 39953 49975 70362 84520 333 10350 59001 69925 70002 84615 87458==
41895,2024,07,22,15,00,AAXX 22154 41895 02450 60502 10290 20280 39982 40004 84520 333 59002 70002 84616 86458==
41895,2024,07,22,18,00,AAXX 22184 41895 02450 60503 10282 20270 39983 40005 84520 333 59004 70002 84616 86458==
41895,2024,07,23,00,00,AAXX 23004 41895 21456 60504 10275 20275 49989 70162 84520 333 59007 60045 70044 84616 86458==
41895,2024,07,24,12,00,AAXX 24124 41895 NIL=
41895,2024,07,25,00,00,AAXX 25004 41895 02450 80902 10279 20279 39911 49933 8452/ 333 59017 70023 84615 88458==
41895,2024,07,25,03,00,AAXX 25034 41895 02457 50902 10320 20270 39918 49939 85400 333 20276 59013 70003 82615 83820==
41895,2024,07,25,06,00,AAXX 25064 41895 02457 70903 10326 20280 39916 49937 85320 333 59012 70003 83615 86458 81930==
41895,2024,07,25,12,00,AAXX 25124 41895 NIL=
41897,2024,07,19,00,00,AAXX 19004 41897 32456 50000 10290 20280 39992 40005 84310 333 56990 59002 70000 82620 84460=
41897,2024,07,19,06,00,AAXX 19064 41897 NIL=
41897,2024,07,24,12,00,AAXX 24124 41897 NIL=
41897,2024,07,25,12,00,AAXX 25124 41897 NIL=
41902,2024,07,19,06,00,AAXX 19064 41902 NIL=
41902,2024,07,24,12,00,AAXX 24124 41902 NIL=
41902,2024,07,25,12,00,AAXX 25124 41902 NIL=
41907,2024,07,19,00,00,AAXX 19004 41907 02440 60000 10285 20280 39974 49988 83510 333 59015 70000 83615 88458==
41907,2024,07,19,03,00,AAXX 19034 41907 02450 71304 10321 20270 39982 49996 84510 333 20280 59014 70000 84615 86582==
41907,2024,07,19,06,00,AAXX 19064 41907 02456 61304 10346 20260 39969 49983 84501 333 59017 70000 81615 86080==
41907,2024,07,20,06,00,AAXX 20064 41907 02456 60902 10325 20260 39985 49999 85510 333 58016 70000 85615 86458==
41907,2024,07,20,09,00,AAXX 20094 41907 02456 60904 10345 20270 39965 49979 83510 333 58017 70000 85615 86458==
41907,2024,07,20,12,00,AAXX 20121 41907 02450 70902 10320 20270 39963 49977 85610 333 10349 58025 70000 83709 85615 87458==
41907,2024,07,21,12,00,AAXX 21124 41907 42350 81302 10320 20270 39958 49972 8662/ 333 10352 59005 83709 85615 88458==
41907,2024,07,21,18,00,AAXX 21184 41907 02340 71303 10290 20260 39986 40001 85610 333 59004 70002 82709 84615 86458==
41907,2024,07,22,00,00,AAXX 22004 41907 02445 71304 10281 20260 39980 49994 85570 333 58003 70002 85615 86458==
41907,2024,07,22,06,00,AAXX 22064 41907 02450 71303 10310 20270 39986 40000 86430 333 58002 70000 84615 83825==
41907,2024,07,22,18,00,AAXX 22184 41907 02440 70000 10290 20280 39995 40009 85510 333 58009 70060 85615 87458==
41907,2024,07,23,00,00,AAXX 23004 41907 02340 81302 10280 20270 39971 8662/ 333 59009 70060 82709 85615 88458==
41907,2024,07,23,18,00,AAXX 23184 41907 02430 80902 10288 20270 39951 49965 8662/ 333 59044 70016 83709 85615 88458==
41907,2024,07,24,00,00,AAXX 24004 41907 02450 81302 10280 20260 39932 49964 8662/ 333 59039 70016 83709 85615 88458==
41907,2024,07,24,03,00,AAXX 24034 41907 NIL=
41907,2024,07,24,06,00,AAXX 24064 41907 02350 81302 10330 20280 39932 49946 8562/ 333 59033 70006 82709 85615 88458==
41907,2024,07,24,09,00,AAXX 24094 41907 02450 81303 10320 20270 39924 8451/ 333 59031 70000 84615 88458==
41907,2024,07,24,12,00,AAXX 24124 41907 01956 00902 10310 20280 39901 40016 70162 333 10344 59029 70030==
41907,2024,07,24,15,00,AAXX 24154 41907 02940 01302 10295 20290 39927 49942 333 59026 70026==
41907,2024,07,25,03,00,AAXX 25034 41907 02450 70903 10310 20270 39922 49937 85870 333 20275 59014 70014 84615 83825 85458==
41907,2024,07,25,06,00,AAXX 25064 41907 02450 71303 10338 20270 39918 49932 85870 333 59014 70025 84615 83825 85458==
41907,2024,07,25,09,00,AAXX 25094 41907 02450 71302 10350 20270 39899 49914 85870 333 59016 70025 84615 83825==
41907,2024,07,25,12,00,AAXX 25124 41907 02450 71302 10335 20260 39892 49906 85870 333 10352 59009 70000 84615 83825 85458==
41907,2024,07,25,15,00,AAXX 25154 41907 02940 30000 10280 20280 39917 49932 80001 333 59010 70000 83080==
41907,2024,07,25,18,00,AAXX 25184 41907 02440 70000 10288 20280 39920 49935 83570 333 59010 70000 83615 85458==
41909,2024,07,19,03,00,AAXX 19034 41909 02456 51802 10314 20270 39988 49999 82530 333 20275 59014 70030 82615 85360==
41909,2024,07,19,06,00,AAXX 19064 41909 02456 51802 10347 20250 39979 49990 82530 333 59013 70030 82615 85360==
41909,2024,07,20,06,00,AAXX 20064 41909 02456 61802 10327 20260 39997 40000 82510 333 58018 70000 82615 86458==
41909,2024,07,21,09,00,AAXX 21094 41909 02456 51301 10332 20260 39973 49985 82530 333 58001 70000 82614 85360==
41909,2024,07,21,12,00,AAXX 21124 41909 02456 71301 10312 20250 39971 49982 84570 333 10345 58005 70000 84614 86460==
41909,2024,07,22,15,00,AAXX 22154 41909 02440 61802 10298 20260 39995 40006 82510 333 58000 70010 82615 86460==
41909,2024,07,22,18,00,AAXX 22184 41909 02440 81802 10290 20260 30006 40017 8552/ 333 58009 70010 85614 88458==
41909,2024,07,23,00,00,AAXX 23004 41909 42450 50000 10279 20260 39985 49996 8552/ 333 59008 85614 88458==
41909,2024,07,24,12,00,AAXX 24124 41909 NIL=
41909,2024,07,25,00,00,AAXX 25004 41909 02356 81304 10289 20260 39921 49932 8462/ 333 59021 70000 83708 88458==
41909,2024,07,25,03,00,AAXX 25034 41909 02456 51904 10314 20260 39934 49945 84430 333 20276 59013 70000 83615 83360==
41909,2024,07,25,06,00,AAXX 25064 41909 02456 50902 10330 20260 39925 49936 84830 333 59014 70000 82615 83360==
41909,2024,07,25,12,00,AAXX 25124 41909 NIL=
41909,2024,07,25,15,00,AAXX 25154 41909 02940 00000 10312 20270 39922 49933 333 59009 70000==
41909,2024,07,25,21,00,AAXX 25214 41909 01330 80000 10294 20270 39912 49923 70262 8562/ 333 59014 70090 84708 88458==
41915,2024,07,19,06,00,AAXX 19064 41915 NIL=
41915,2024,07,24,12,00,AAXX 24124 41915 NIL=
41915,2024,07,25,00,00,AAXX 25004 41915 02456 70000 10272 20260 39925 49949 84530 333 59025 70003 84616 85362==
41915,2024,07,25,03,00,AAXX 25034 41915 02456 60501 10318 20250 39934 49958 86430 333 20271 59018 70003 85615==
41915,2024,07,25,06,00,AAXX 25064 41915 02456 51301 10340 20260 39918 49943 85430 333 59028 70000 84615==
41915,2024,07,25,12,00,AAXX 25124 41915 NIL=
41923,2024,07,19,00,00,AAXX 19004 41923 02950 50000 10296 20260 39985 49995 82530 333 59012 70000 82615 84360==
41923,2024,07,19,03,00,AAXX 19034 41923 42350 71802 10318 20260 39995 40005 84670 333 20294 59011 82709 83615 85458==
41923,2024,07,19,06,00,AAXX 19064 41923 42350 70000 10344 20240 39983 49993 84670 333 59012 82709 83615 85458==
41923,2024,07,19,12,00,AAXX 19124 41923 NIL=
41923,2024,07,19,18,00,AAXX 19184 41923 NIL=
41923,2024,07,19,21,00,AAXX 19214 41923 NIL=
41923,2024,07,20,03,00,AAXX 20034 41923 NIL=
41923,2024,07,20,06,00,AAXX 20064 41923 02456 60303 10335 20240 30001 40011 83530 333 58018 70002 83615 86365==
41923,2024,07,20,09,00,AAXX 20094 41923 02456 60903 10351 20250 39980 49990 83530 333 58019 70002 83615 86365==
41923,2024,07,20,12,00,AAXX 20121 41923 21450 60902 10326 20240 39977 49987 70262 83530 333 10351 58027 60005 70002 83615 86365==
41923,2024,07,20,18,00,AAXX 20184 41923 NIL=
41923,2024,07,20,21,00,AAXX 20214 41923 NIL=
41923,2024,07,21,03,00,AAXX 21034 41923 NIL=
41923,2024,07,21,06,00,AAXX 21064 41923 NIL=
41923,2024,07,21,09,00,AAXX 21094 41923 02350 71606 10310 20240 39985 49995 84670 333 58005 70002 82709 84615 86458==
41923,2024,07,21,12,00,AAXX 21124 41923 02350 71805 10315 20250 39980 49990 84630 333 10346 58003 70002 81709 84615 85360==
41923,2024,07,21,18,00,AAXX 21184 41923 02450 41803 10296 20260 30010 40020 82430 333 58004 70002 81616 83360==
41923,2024,07,21,21,00,AAXX 21214 41923 NIL=
41923,2024,07,22,00,00,AAXX 22004 41923 01340 70000 10271 20260 30004 40014 72162 84670 333 58013 70040 82709 83615 85458==
41923,2024,07,22,03,00,AAXX 22034 41923 NIL=
41923,2024,07,22,06,00,AAXX 22064 41923 01350 61803 10302 20260 30006 40016 72162 83630 333 58003 70010 81709 83615 85360==
41923,2024,07,22,12,00,AAXX 22124 41923 NIL=
41923,2024,07,22,15,00,AAXX 22154 41923 01340 70000 10290 20250 30008 40018 72122 84670 333 59001 70049 82709 83615 88458==
41923,2024,07,22,18,00,AAXX 22184 41923 21340 70000 10284 20260 30011 40021 72162 84670 333 58001 69927 70049 82709 83615 85458==
41923,2024,07,22,21,00,AAXX 22214 41923 NIL=
41923,2024,07,23,00,00,AAXX 23004 41923 21330 80000 10272 20260 39993 40006 76162 8532/ 333 59011 60159 70160 82709 84615 88458 81930==
41923,2024,07,23,03,00,AAXX 23034 41923 NIL=
41923,2024,07,23,06,00,AAXX 23064 41923 NIL=
41923,2024,07,23,12,00,AAXX 23124 41923 NIL=
41923,2024,07,23,18,00,AAXX 23184 41923 02340 71602 10293 20260 39969 49979 85370 333 59042 70148 82709 84615 86458 81930==
41923,2024,07,23,21,00,AAXX 23214 41923 NIL=
41923,2024,07,24,00,00,AAXX 24004 41923 01340 81602 10281 20260 39950 49960 70262 8532/ 333 59043 70010 83709 84615 88458 81930==
41923,2024,07,24,03,00,AAXX 24034 41923 02340 71503 10312 20260 39952 49962 85370 333 20278 59046 70008 82709 84615 86458 81930==
41923,2024,07,24,06,00,AAXX 24064 41923 02450 71603 10332 20250 39946 49956 85330 333 59039 70008 83615 83824 86360 81930==
41923,2024,07,24,09,00,AAXX 24094 41923 02456 63302 10340 20260 39924 49933 83530 333 59025 70008 83615 86365==
41923,2024,07,24,12,00,AAXX 24124 41923 01450 53302 10288 20270 39919 49929 72162 82530 333 10343 59030 70070 82615 85365==
41923,2024,07,24,15,00,AAXX 24154 41923 01440 60000 10292 20270 39936 49946 70522 83530 333 59029 70076 83615 86365==
41923,2024,07,24,18,00,AAXX 24184 41923 01330 83302 10278 20270 39942 49952 76122 8632/ 333 59027 70050 83708 84614 88458 81928==
41923,2024,07,24,21,00,AAXX 24214 41923 01440 60000 10279 20270 39935 49945 70562 83530 333 59015 70128 83615 86365==
41923,2024,07,25,00,00,AAXX 25001 41923 11440 60000 10279 20270 39927 49937 69946 70562 83530 333 59033 70120 83615 86365==
41923,2024,07,25,03,00,AAXX 25034 41923 12456 63302 10311 20260 39935 49945 63536 333 20276 59017 70120 83615 86365==
41923,2024,07,25,06,00,AAXX 25064 41923 02456 63302 10333 20240 39932 49942 83530 333 59014 70120 83615 86465==
41923,2024,07,25,09,00,AAXX 25094 41923 02456 30000 10348 20250 39911 49920 82430 333 59013 70120 81616==
41923,2024,07,25,12,00,AAXX 25124 41923 02456 30000 10328 20260 39902 49912 81531 333 10354 59017 70052 81616==
41923,2024,07,25,15,00,AAXX 25154 41923 02450 50000 10312 20260 30029 49939 84430 333 59007 70052 83615==
41923,2024,07,25,18,00,AAXX 25184 41923 02450 40000 10302 20250 39932 49942 82530 333 59010 70004 82616 83360==
41923,2024,07,25,21,00,AAXX 25214 41923 NIL=
41926,2024,07,19,03,00,AAXX 19034 41926 02450 40000 10320 20260 39979 49992 83430 333 20280 59014 70000 82618==
41926,2024,07,19,06,00,AAXX 19064 41926 NIL=
41926,2024,07,24,12,00,AAXX 24124 41926 NIL=
41926,2024,07,25,03,00,AAXX 25034 41926 02450 61801 10310 20270 39921 49934 84510 333 20278 59013 70002 84616 85459==
41926,2024,07,25,06,00,AAXX 25064 41926 02456 50000 10340 20270 39918 49931 84410 333 59016 70002 82618 83820==
41926,2024,07,25,12,00,AAXX 25124 41926 NIL=
41927,2024,07,19,06,00,AAXX 19064 41927 NIL=
41927,2024,07,21,12,00,AAXX 21124 41927 32456 61803 10300 20250 39960 49974 83510 333 10338 56490 58002 70000 83617 85459=
41927,2024,07,24,12,00,AAXX 24124 41927 NIL=
41927,2024,07,25,00,00,AAXX 25001 41927 31950 31801 10277 20277 39916 49931 70500 83010 333 56090 59016 70064 83459=
41927,2024,07,25,12,00,AAXX 25124 41927 NIL=
41929,2024,07,19,03,00,AAXX 19034 41929 02457 50904 10325 20250 30017 40026 82540 333 20279 59014 70003 82618 84365==
41929,2024,07,19,06,00,AAXX 19064 41929 02457 50905 10340 20260 39983 49992 82540 333 59013 70003 82618 84365==
41929,2024,07,20,06,00,AAXX 20064 41929 02457 61405 10335 20260 39997 40006 83540 333 58014 70020 83618 85365==
41929,2024,07,20,09,00,AAXX 20094 41929 02457 61805 10325 20270 39975 49984 83430 333 58018 70020 82618 84365==
41929,2024,07,21,09,00,AAXX 21094 41929 02457 61304 10333 20260 39977 49986 83430 333 58002 70050 82617 84365==
41929,2024,07,21,12,00,AAXX 21124 41929 02457 61305 10320 20260 39972 49981 83430 333 10335 58002 70050 82618 84365==
41929,2024,07,22,15,00,AAXX 22154 41929 02456 61304 10287 20270 39997 40006 83530 333 59002 70166 83616 83365==
41929,2024,07,22,18,00,AAXX 22184 41929 02456 81304 10282 20260 30005 40014 8451/ 333 58003 70166 84616 88459==
41929,2024,07,23,00,00,AAXX 23004 41929 11456 81303 10272 20260 39985 49994 60071 70262 8451/ 333 59008 70186 84616 88458==
41929,2024,07,24,12,00,AAXX 24124 41929 NIL=
41929,2024,07,25,00,00,AAXX 25004 41929 02/56 41302 10277 20270 39923 49932 84060 333 59008 70108 84365==
41929,2024,07,25,03,00,AAXX 25034 41929 02/56 41404 10315 20270 39931 49940 84030 333 20273 59014 70108 84365==
41929,2024,07,25,06,00,AAXX 25064 41929 02457 50904 10325 20270 39928 49937 83540 333 59017 70088 83618==
41929,2024,07,25,12,00,AAXX 25124 41929 NIL=
41933,2024,07,19,03,00,AAXX 19034 41933 02450 61802 10300 20270 39994 40003 83520 333 20280 59016 70000 83618 86458==
41933,2024,07,19,06,00,AAXX 19064 41933 02450 21802 10340 20260 39982 49991 82510 333 59010 70000 83618 86458==
41933,2024,07,20,06,00,AAXX 20064 41933 02556 61804 10320 20260 30006 40014 82241 333 58024 70020 82828 85074==
41933,2024,07,20,09,00,AAXX 20094 41933 02556 61903 10335 20260 39980 49989 82241 333 58020 70020 82828 85074==
41933,2024,07,21,09,00,AAXX 21094 41933 01456 72107 10318 20260 39988 49997 70362 84831 333 58008 70048 82617 83827 85362==
41933,2024,07,21,12,00,AAXX 21124 41933 11456 71905 10302 20250 39991 40000 69916 70262 84841 333 10327 58012 70048 81617 83827 85362==
41933,2024,07,22,15,00,AAXX 22154 41933 01456 41705 10275 20260 30017 40025 70162 82530 333 58008 70172 82617 83362==
41933,2024,07,22,18,00,AAXX 22184 41933 01356 71604 10267 20260 30019 40027 72162 85670 333 58004 70176 83710 83616 85457==
41933,2024,07,23,00,00,AAXX 23004 41933 21350 81604 10264 20250 30004 40013 70262 8562/ 333 59007 69968 70166 83709 83616 88457==
41933,2024,07,24,00,00,AAXX 24004 41933 11350 80000 10265 20260 39956 49964 69926 70262 8672/ 333 59048 70192 83708 83615 88456==
41933,2024,07,24,03,00,AAXX 24034 41933 01356 81703 10290 20270 39960 49968 70262 8561/ 333 20264 59045 70198 83710 83615 88457==
41933,2024,07,24,09,00,AAXX 24094 41933 01456 71603 10285 20280 39935 49943 72196 84841 333 59030 70122 82617 83827 85362==
41933,2024,07,24,12,00,AAXX 24124 41933 21456 71803 10303 20270 39926 49934 70296 84841 333 10330 59030 60078 70074 81617 83827 85362==
41933,2024,07,24,21,00,AAXX 24214 41933 02450 70000 10273 20250 39932 49940 84510 333 59033 70072 84616 87459==
41933,2024,07,25,00,00,AAXX 25004 41933 02456 50000 10270 20260 39930 49938 82530 333 59026 70072 82616 85362==
41933,2024,07,25,03,00,AAXX 25034 41933 02456 50000 10305 20260 39938 49946 82530 333 20267 59022 70066 82616 85362==
41933,2024,07,25,06,00,AAXX 25064 41933 02456 51802 10325 20270 39932 49940 82530 333 59017 70066 82616 85362==
41933,2024,07,25,09,00,AAXX 25094 41933 02456 51702 10320 20240 39913 49921 84430 333 59022 70000 83618 83826 85362==
41933,2024,07,25,12,00,AAXX 25124 41933 02456 40000 10332 20260 39896 49904 84400 333 10345 59030 70000 83618==
41933,2024,07,25,15,00,AAXX 25154 41933 02456 41803 10296 20270 39930 49939 82540 333 59009 70000 82618 83362==
41933,2024,07,25,18,00,AAXX 25184 41933 02/56 31802 10285 20270 39933 49942 83040 333 59016 70000 83362==
41933,2024,07,25,21,00,AAXX 25214 41933 02/56 30000 10282 20260 39917 49926 83040 333 59015 70000 83362==
41936,2024,07,19,00,00,AAXX 19004 41936 01430 41103 10278 20260 39968 49975 70522 82830 333 59023 70010 82615 83362==
41936,2024,07,19,03,00,AAXX 19034 41936 01450 41203 10314 20260 39978 49985 70521 82530 333 20276 59022 70010 82615 83362==
41936,2024,07,19,06,00,AAXX 19064 41936 01450 41009 10336 20270 39970 49977 70521 82830 333 59021 70010 82615 83362==
41936,2024,07,20,09,00,AAXX 20094 41936 01430 51707 10318 20270 39966 49973 70596 83630 333 58011 70080 81710 83615==
41936,2024,07,20,12,00,AAXX 20124 41936 21316 81203 10306 20280 39958 49965 76162 85740 333 10334 58013 60117 70120 83708 82615 88460==
41936,2024,07,21,12,00,AAXX 21124 41936 01440 61609 10308 20270 39963 49970 70562 83830 333 10342 58005 70020 83615 85362==
41936,2024,07,21,18,00,AAXX 21184 41936 01440 51604 10290 20270 39989 49996 70522 83630 333 59001 70020 81710 83615==
41936,2024,07,22,00,00,AAXX 22004 41936 01425 61608 10276 20270 39982 49989 70522 83630 333 58005 70020 82710 83615 85362==
41936,2024,07,22,06,00,AAXX 22064 41936 21318 81406 10292 20280 39989 49996 76162 85720 333 58004 60167 70180 83708 83615 88460==
41936,2024,07,22,15,00,AAXX 22154 41936 01320 72006 10292 20270 39987 49994 70562 84630 333 58001 70160 83708 83615 86362==
41936,2024,07,23,00,00,AAXX 23004 41936 01320 71405 10278 20270 39978 49985 70522 85630 333 59004 70160 83708 83615 87362==
41936,2024,07,23,18,00,AAXX 23184 41936 01430 51803 10288 20270 39957 49964 70522 84630 333 59036 70080 82710 83615==
41936,2024,07,23,21,00,AAXX 23214 41936 01430 50000 10282 20260 39943 49950 70522 84630 333 59033 70080 82710 83615==
41936,2024,07,24,00,00,AAXX 24004 41936 01420 61504 10276 20270 39939 49946 70522 84630 333 59039 70080 82710 83615 85362==
41936,2024,07,24,03,00,AAXX 24034 41936 01425 61804 10302 20270 39941 49948 70522 84630 333 20274 59039 70070 82710 83615 85362==
41936,2024,07,24,06,00,AAXX 24064 41936 01425 71906 10312 20280 39939 49946 70562 84630 333 59031 70020 83708 83615 87362==
41936,2024,07,24,09,00,AAXX 24094 41936 01430 62005 10340 20270 39919 49926 70522 84630 333 59030 70090 82710 83615 85362==
41936,2024,07,24,12,00,AAXX 24124 41936 01430 51604 10320 20270 39907 49914 70522 83630 333 10342 59027 70020 81710 83615 85362==
41936,2024,07,24,15,00,AAXX 24154 41936 01430 41704 10300 20280 39927 49934 70522 82530 333 59028 70020 82615 83362==
41936,2024,07,24,18,00,AAXX 24184 41936 01425 61603 10288 20270 39927 49934 70522 84630 333 59030 70020 82710 83615 85362==
41936,2024,07,24,21,00,AAXX 24214 41936 41425 61703 10284 20260 39917 49924 70522 84630 333 59026 82710 83615 85362==
41936,2024,07,25,00,00,AAXX 25004 41936 41420 41603 10284 20260 39921 49928 70522 82530 333 59018 82615 83362==
41936,2024,07,25,03,00,AAXX 25034 41936 01435 51204 10316 20280 39921 49928 70522 83630 333 20278 59020 70020 82710 84362==
41936,2024,07,25,06,00,AAXX 25064 41936 01450 61404 10328 20270 39921 49928 70522 85630 333 59018 70000 83710 83615 85362==
41936,2024,07,25,09,00,AAXX 25094 41936 01450 51006 10340 20270 39907 49914 70522 84630 333 59010 70000 82710 83615==
41936,2024,07,25,12,00,AAXX 25124 41936 01450 31006 10334 20260 39889 49896 70522 82830 333 10342 59018 70000 82615 83362==
41936,2024,07,25,15,00,AAXX 25154 41936 01450 31203 10304 20270 39915 49922 70521 82830 333 59012 70000 82615 83362==
41936,2024,07,25,18,00,AAXX 25184 41936 01450 31103 10298 20270 39923 49930 70511 82830 333 59004 70000 82615 83362==
41936,2024,07,25,21,00,AAXX 25214 41936 01450 31003 10290 20270 39912 49919 70511 82830 333 59005 70000 82615 83362==
41938,2024,07,19,06,00,AAXX 19064 41938 32456 61605 10330 20260 39980 49984 82411 333 56399 59016 70001 82617 84460=
41938,2024,07,20,06,00,AAXX 20064 41938 32457 71502 10326 20270 39990 49994 83471 333 56399 58010 70012 82617 85460=
41938,2024,07,21,12,00,AAXX 21124 41938 11457 71402 10290 20270 39982 49986 60014 72162 83870 333 10330 56390 58009 70022 81618 83460=
41938,2024,07,22,18,00,AAXX 22184 41938 11456 60000 10280 20270 39999 40004 69926 70162 82510 333 56490 58000 70214 82617 86460=
41938,2024,07,23,00,00,AAXX 23004 41938 11456 61604 10275 20275 39989 49993 60072 70262 82511 333 56399 59003 70108 82616 84460=
41938,2024,07,24,12,00,AAXX 24124 41938 NIL=
41938,2024,07,25,00,00,AAXX 25004 41938 32450 60000 10275 20270 39922 49926 84510 333 56990 59029 70057 84618 88459=
41938,2024,07,25,06,00,AAXX 25064 41938 11456 40000 10325 20280 39927 49931 69934 70262 84400 333 56400 59027 70044 83618=
41938,2024,07,25,12,00,AAXX 25124 41938 NIL=
41939,2024,07,19,06,00,AAXX 19064 41939 02458 31802 10325 20290 30012 40020 83500 333 59008 70000 83618==
41939,2024,07,21,09,00,AAXX 21094 41939 01457 50000 10310 20260 39984 49992 70162 82510 333 59002 70102 82617 85460==
41939,2024,07,21,12,00,AAXX 21124 41939 11456 81801 10305 20280 39980 49988 60016 70362 8352/ 333 10320 58004 70102 83617 88459==
41939,2024,07,22,15,00,AAXX 22154 41939 01450 80000 10276 20270 30007 40015 70262 8352/ 333 58015 70067 83617 88459==
41939,2024,07,22,18,00,AAXX 22184 41939 11450 80000 10275 20270 30018 40026 60016 70262 8352/ 333 58010 70067 83617 88459==
41939,2024,07,23,00,00,AAXX 23004 41939 11456 80000 10277 20270 39995 40003 60036 70262 8352/ 333 59017 70099 83617 88459==
41939,2024,07,24,00,00,AAXX 24004 41939 02456 50000 10282 20270 39950 49958 83530 333 59045 70138 83617 83364==
41939,2024,07,24,03,00,AAXX 24034 41939 02458 80000 10290 20280 39960 49968 8352/ 333 20270 59052 70106 83617 88459==
41939,2024,07,24,09,00,AAXX 24094 41939 01457 60000 10300 20270 39935 49943 70362 83510 333 59024 70087 83617 86459==
41939,2024,07,24,12,00,AAXX 24124 41939 11457 50000 10307 20270 39926 49934 69936 70162 83530 333 10330 59024 70011 83618==
41939,2024,07,25,00,00,AAXX 25004 41939 01456 80000 10278 20270 39928 49936 72122 8352/ 333 59022 70050 83617 88459==
41939,2024,07,25,03,00,AAXX 25034 41939 02459 50000 10305 20280 39935 49943 83530 333 20270 59025 70053 83617 83364==
41939,2024,07,25,06,00,AAXX 25064 41939 02457 60000 10315 20270 39931 49939 83510 333 59014 70053 83617 86460==
41939,2024,07,25,09,00,AAXX 25094 41939 01459 40000 10327 20260 39912 49920 70162 83430 333 59023 70055 82618 83362==
41939,2024,07,25,12,00,AAXX 25124 41939 11457 30000 10325 20270 39902 49910 69956 70162 82530 333 10335 59024 70055 82618==
41939,2024,07,25,15,00,AAXX 25154 41939 01956 00000 10290 20270 39929 49937 70161 333 59013 70081==
41939,2024,07,25,21,00,AAXX 25214 41939 02440 50000 10284 20260 39925 49933 82510 333 59010 70081 82618 85459==
41941,2024,07,19,06,00,AAXX 19064 41941 NIL=
41941,2024,07,20,06,00,AAXX 20064 41941 02456 61803 10320 20270 39996 40001 85420 333 58003 70000 84616 86458==
41941,2024,07,24,00,00,AAXX 24004 41941 11350 81802 10275 20275 39957 49962 59038 60012 70262 88456==
41941,2024,07,24,03,00,AAXX 24034 41941 02456 61403 10315 20270 39967 49972 85420 333 20272 59032 70145 84616 87458==
41941,2024,07,24,09,00,AAXX 24094 41941 01350 80000 10320 20290 39930 49935 72122 8672/ 333 59042 70146 83708 84613 88458==
41941,2024,07,24,12,00,AAXX 24124 41941 01450 80902 10308 20270 39921 49926 70262 8552/ 333 10342 59044 70124 85614 88458==
41941,2024,07,24,18,00,AAXX 24184 41941 02450 30000 10289 20280 39943 49949 82510 333 59057 70014 82616==
41941,2024,07,24,21,00,AAXX 24214 41941 02450 30000 10282 20270 39929 49935 81530 333 59053 70004 81616 83362==
41941,2024,07,25,00,00,AAXX 25004 41941 02456 40000 10280 20270 39927 49933 83530 333 59030 70004 83616 84362==
41941,2024,07,25,03,00,AAXX 25034 41941 02356 61304 10290 20260 39935 49941 85620 333 20275 59031 70004 83708 83613 86458==
41941,2024,07,25,06,00,AAXX 25064 41941 02356 71802 10320 20270 39936 49942 86620 333 59013 70004 83708 83614 87458==
41941,2024,07,25,09,00,AAXX 25094 41941 01356 71802 10335 20260 39924 49929 70262 86620 333 59006 70013 83708 83614 87458==
41941,2024,07,25,12,00,AAXX 25124 41941 11456 41803 10330 20260 39920 49925 60016 70162 83530 333 10344 59001 70010 83616 84362==
41941,2024,07,25,15,00,AAXX 25154 41941 02450 20000 10296 20270 39932 49938 82500 333 59009 70010 82616==
41941,2024,07,25,21,00,AAXX 25214 41941 02450 61802 10282 20260 39934 49940 84530 333 58005 70010 84616 86362==
41943,2024,07,19,00,00,AAXX 19004 41943 02435 60000 10275 20270 39983 49990 83510 333 59015 70000 83616 85458==
41943,2024,07,19,03,00,AAXX 19034 41943 02435 61802 10310 20250 39997 40004 83510 333 20275 59011 70000 83616 85458==
41943,2024,07,19,06,00,AAXX 19064 41943 02440 51803 10340 20240 39988 49995 83530 333 59009 70000 83616 83362==
41943,2024,07,20,09,00,AAXX 20094 41943 02445 51802 10335 20260 39987 49994 83530 333 58026 70000 83616 83362==
41943,2024,07,20,12,00,AAXX 20124 41943 02440 71803 10310 20260 39981 49988 84420 333 10345 58022 70000 83616 85458==
41943,2024,07,21,18,00,AAXX 21184 41943 01330 81802 10270 20260 30024 40031 76066 8772/ 333 58011 70030 84709 84614 88456==
41943,2024,07,22,00,00,AAXX 22004 41943 21330 81302 10260 20250 30017 40024 76066 8772/ 333 58019 60139 70160 84709 84614 88456==
41943,2024,07,22,18,00,AAXX 22184 41943 21430 80000 10265 20260 30025 40032 70266 8662/ 333 58001 60035 70530 83710 84615 88458==
41943,2024,07,23,00,00,AAXX 23004 41943 21330 80000 10253 20240 30006 40013 76066 8770/ 333 59011 60329 70720 84709 84616 88456==
41943,2024,07,23,18,00,AAXX 23184 41943 02430 60000 10273 20250 39982 49989 83520 333 59043 70400 83616 85458==
41943,2024,07,24,00,00,AAXX 24004 41943 02430 83302 10265 20260 39959 49966 8662/ 333 59051 70080 83710 84615 88458==
41943,2024,07,24,03,00,AAXX 24034 41943 NIL=
41943,2024,07,24,06,00,AAXX 24064 41943 02430 81503 10300 20260 39954 49961 86621 333 59044 70000 83710 84615 88458==
41943,2024,07,24,09,00,AAXX 24094 41943 01440 51902 10293 20280 39938 49945 72162 83470 333 59034 70060 81616 83828==
41943,2024,07,24,12,00,AAXX 24124 41943 21440 51802 10295 20270 39930 49937 70262 83530 333 10326 59032 60068 70060 83615 83362==
41943,2024,07,24,15,00,AAXX 24154 41943 02435 61801 10285 20270 39947 49954 84520 333 59032 70060 84616 83457==
41943,2024,07,24,18,00,AAXX 24184 41943 02430 71801 10280 20260 39953 49960 84510 333 59031 70060 84616 84457==
41943,2024,07,24,21,00,AAXX 24214 41943 02430 71801 10270 20260 39940 49947 84520 333 59026 70060 84616 85457==
41943,2024,07,25,00,00,AAXX 25001 41943 02430 81701 10265 20260 39932 49939 8662/ 333 59027 70060 83710 84615 88457==
41943,2024,07,25,03,00,AAXX 25034 41943 02440 61802 10290 20250 39939 49946 84530 333 20265 59025 70060 84616 83362==
41943,2024,07,25,06,00,AAXX 25064 41943 02445 61202 10326 20260 39930 49937 85430 333 59024 70060 82616 83828==
41943,2024,07,25,09,00,AAXX 25094 41943 01445 41802 10335 20260 39912 49919 70162 83430 333 59026 70014 81616 83828==
41943,2024,07,25,12,00,AAXX 25124 41943 11445 41801 10305 20270 39902 49909 60016 70262 82531 333 10345 59028 70014 82616 83362==
41943,2024,07,25,15,00,AAXX 25154 41943 02440 31701 10285 20260 39930 49937 82530 333 59017 70010 82616==
41943,2024,07,25,18,00,AAXX 25184 41943 02435 31701 10278 20260 39932 49939 81520 333 59021 70014 81616 83458==
41944,2024,07,19,06,00,AAXX 19064 41944 NIL=
41944,2024,07,24,12,00,AAXX 24124 41944 NIL=
41944,2024,07,25,12,00,AAXX 25124 41944 NIL=
41946,2024,07,19,06,00,AAXX 19064 41946 NIL=
41946,2024,07,20,06,00,AAXX 20064 41946 21456 60907 10330 20270 39989 49993 70162 85410 333 58014 60015 70032 84618 84460==
41946,2024,07,20,09,00,AAXX 20094 41946 01456 70905 10322 20270 39972 49976 70362 84320 333 58017 70048 83618 86460 81928==
41946,2024,07,21,09,00,AAXX 21094 41946 02356 80803 10307 20280 39976 49981 8572/ 333 58004 70030 83710 84616 88457==
41946,2024,07,21,12,00,AAXX 21124 41946 21/56 60803 10298 20270 39970 49974 70162 83032 333 10328 58001 60015 70040 83362 84080==
41946,2024,07,22,15,00,AAXX 22154 41946 01456 51402 10284 20270 39995 40000 72162 83530 333 58000 70126 83618==
41946,2024,07,22,18,00,AAXX 22184 41946 01456 71703 10282 20260 30000 40005 70362 82570 333 58001 70128 82618 86459==
41946,2024,07,23,00,00,AAXX 23004 41946 02456 60000 10277 20270 39983 49988 83530 333 59006 70126 83618 83362==
41946,2024,07,24,12,00,AAXX 24124 41946 NIL=
41946,2024,07,25,00,00,AAXX 25004 41946 02456 70000 10288 20280 39924 49928 83520 333 59026 70004 83618 87459==
41946,2024,07,25,03,00,AAXX 25034 41946 02456 70000 10310 20280 39930 40034 84510 333 20280 59022 70004 84618 86460==
41946,2024,07,25,06,00,AAXX 25064 41946 01456 70000 10300 20290 39928 49932 72122 84320 333 59019 70040 83616 86460 81928==
41946,2024,07,25,12,00,AAXX 25124 41946 NIL=
41947,2024,07,19,03,00,AAXX 19034 41947 02456 61404 10318 20260 39989 49991 83570 333 20285 59017 70000 83618 84459==
41947,2024,07,19,06,00,AAXX 19064 41947 02456 71403 10320 20270 39980 49982 83570 333 59021 70000 83618 85459==
41947,2024,07,20,06,00,AAXX 20064 41947 01456 70000 10300 20290 39994 49997 70262 83570 333 58015 70040 83618 86458==
41947,2024,07,21,09,00,AAXX 21094 41947 41340 81302 10278 20270 39981 49983 79562 8592/ 333 58004 82709 83616 88458 81928==
41947,2024,07,21,12,00,AAXX 21124 41947 21456 71302 10302 20280 39976 49978 70196 83470 333 10332 58005 60318 70331 82618 85459==
41947,2024,07,22,15,00,AAXX 22154 41947 01450 81803 10285 20280 30000 40002 70262 8352/ 333 58000 70180 83618 88458==
41947,2024,07,22,18,00,AAXX 22184 41947 11450 61803 10287 20280 30008 40010 60026 70162 83570 333 58000 70160 83618 85458==
41947,2024,07,23,00,00,AAXX 23004 41947 02450 81802 10282 20270 39987 49989 8352/ 333 58011 70100 83618 88458==
41947,2024,07,24,12,00,AAXX 24124 41947 NIL=
41947,2024,07,25,03,00,AAXX 25034 41947 02450 80000 10305 20280 39930 49933 8352/ 333 20280 59024 70030 83618 88458==
41947,2024,07,25,06,00,AAXX 25064 41947 02450 80000 10310 20280 39930 49933 8352/ 333 59020 70030 83618 88458==
41947,2024,07,25,12,00,AAXX 25124 41947 NIL=
41950,2024,07,19,00,00,AAXX 19004 41950 02450 70000 10288 20260 39979 49981 85610 333 59023 70000 82708 84616 87459==
41950,2024,07,19,03,00,AAXX 19034 41950 02450 60902 10310 20260 39994 49997 82510 333 20283 59010 70000 83617 84459==
41950,2024,07,19,06,00,AAXX 19064 41950 02450 50904 10337 20280 39982 49985 82530 333 59018 70000 83617==
41950,2024,07,20,06,00,AAXX 20064 41950 21350 71203 10329 20270 39998 40001 70262 85670 333 58016 69955 70049 81708 84616 85459==
41950,2024,07,20,09,00,AAXX 20094 41950 01350 70902 10314 20270 39985 49988 72122 84670 333 58025 70052 81708 84616 85459==
41950,2024,07,20,12,00,AAXX 20124 41950 21350 71802 10305 20260 39981 49983 70262 84670 333 10330 58020 69935 70050 81708 84616 86459==
41950,2024,07,21,09,00,AAXX 21094 41950 01335 81402 10298 20280 39986 49988 76166 8572/ 333 58001 70326 82708 84616 88458==
41950,2024,07,21,12,00,AAXX 21124 41950 01350 80000 10294 20260 39985 49987 70262 8632/ 333 10303 58004 70334 82708 84616 88458 81928==
41950,2024,07,21,18,00,AAXX 21184 41950 02350 80000 10278 20270 30017 40019 8562/ 333 58015 70334 82708 84616 88458==
41950,2024,07,22,00,00,AAXX 22004 41950 02350 80000 10276 20260 30006 40008 8562/ 333 58011 70234 82708 84616 88458==
41950,2024,07,22,06,00,AAXX 22064 41950 02350 70000 10310 20270 30009 40012 85670 333 58001 70078 81708 84616 86459==
41950,2024,07,22,15,00,AAXX 22154 41950 01350 81602 10279 20270 30006 40008 70266 8562/ 333 59001 70104 82708 84616 88458==
41950,2024,07,22,18,00,AAXX 22184 41950 11350 80000 10278 20270 30010 40012 60036 70262 8562/ 333 59007 70104 82708 84616 88458==
41950,2024,07,23,00,00,AAXX 23004 41950 21350 80000 10275 20275 39995 49997 70262 8562/ 333 59011 60015 70114 82708 84616 88458==
41950,2024,07,23,18,00,AAXX 23184 41950 11350 80000 10280 20270 39975 49977 60016 70362 8562/ 333 59035 70058 82708 84616 88458==
41950,2024,07,24,00,00,AAXX 24004 41950 01340 80000 10277 20277 39955 49957 76122 8572/ 333 59040 70010 82708 84616 88458==
41950,2024,07,24,03,00,AAXX 24034 41950 01350 70000 10300 20270 39959 49961 70166 85671 333 20274 59037 70056 82708 84616 85459==
41950,2024,07,24,06,00,AAXX 24064 41950 11350 61502 10316 20270 39949 49951 69936 70162 85370 333 59035 70065 81708 84616 81928==
41950,2024,07,24,09,00,AAXX 24094 41950 02350 61802 10310 20270 39936 49938 84670 333 59022 70065 81708 84616 86459==
41950,2024,07,24,12,00,AAXX 24124 41950 02450 61802 10314 20250 39927 49929 83471 333 10332 59031 70031 83617 85459==
41950,2024,07,24,15,00,AAXX 24154 41950 02350 80000 10295 20280 39943 49945 8562/ 333 59030 70017 82708 84616 88458==
41950,2024,07,24,18,00,AAXX 24184 41950 02450 50000 10288 20280 39945 49947 82531 333 59030 70017 82617 83362==
41950,2024,07,25,03,00,AAXX 25034 41950 02450 50000 10310 20260 39935 49937 84431 333 20256 59024 70182 83615==
41950,2024,07,25,06,00,AAXX 25064 41950 02350 60902 10326 20270 39931 49933 84631 333 58018 70182 83617==
41950,2024,07,25,09,00,AAXX 25094 41950 02450 50000 10329 20270 39909 49911 84431 333 59027 70182 83617==
41950,2024,07,25,12,00,AAXX 25124 41950 02450 60902 10320 20270 39899 49901 85431 333 10338 59028 70182 84617==
41950,2024,07,25,15,00,AAXX 25154 41950 02350 60000 10294 20260 39925 49927 84610 333 59018 70182 81708 84616 86459==
41950,2024,07,25,18,00,AAXX 25184 41950 02350 80000 10290 20280 39926 49928 8562/ 333 59019 70182 82708 84616 88458==
41950,2024,07,25,21,00,AAXX 25214 41950 02350 60000 10285 20280 39918 49920 84610 333 59012 70182 81708 84616 86459==
41951,2024,07,19,06,00,AAXX 19064 41951 02456 61502 10320 20270 39985 49990 83510 333 59012 70000 83618 85459==
41951,2024,07,20,06,00,AAXX 20064 41951 02456 61509 10327 20270 39999 40004 83510 333 58014 70147 83618 85459==
41951,2024,07,20,09,00,AAXX 20094 41951 02456 61310 10324 20270 39991 49996 83510 333 58023 70147 83618 85459==
41951,2024,07,21,09,00,AAXX 21094 41951 01350 71306 10313 20270 39991 49996 70162 84610 333 58000 70263 81708 83618 86459==
41951,2024,07,22,18,00,AAXX 22184 41951 01340 81302 10280 20270 30014 40019 70262 8662/ 333 58003 70157 82708 84618 88458==
41951,2024,07,23,00,00,AAXX 23004 41951 01330 80000 10268 20268 39991 49996 72162 8662/ 333 59013 70190 82706 84616 88458==
41951,2024,07,24,12,00,AAXX 24124 41951 11450 71502 10300 20290 39937 49942 60026 70262 83510 333 10336 59022 70089 83618 86459==
41951,2024,07,24,18,00,AAXX 24184 41951 02450 50000 10286 20280 39951 49956 82510 333 59022 70029 82618 84459==
41951,2024,07,24,21,00,AAXX 24214 41951 02450 60000 10278 20270 39939 49944 83510 333 59027 70029 83618 85459==
41951,2024,07,25,00,00,AAXX 25004 41951 02450 60000 10268 20260 39932 49937 83510 333 59024 70015 83618 85459==
41951,2024,07,25,03,00,AAXX 25034 41951 02456 60803 10310 20260 39933 49938 83510 333 20264 59019 70015 83618 85459==
41951,2024,07,25,06,00,AAXX 25064 41951 02456 61405 10322 20270 39933 49938 83510 333 59024 70015 83618 85459==
41951,2024,07,25,09,00,AAXX 25094 41951 02456 41306 10324 20270 39918 40022 84400 333 59029 70000 82618 83825==
41951,2024,07,25,12,00,AAXX 25124 41951 NIL=
41951,2024,07,25,15,00,AAXX 25154 41951 02340 81305 10300 20270 39929 49934 8562/ 333 59015 70000 81709 84618 88458==
41951,2024,07,25,18,00,AAXX 25184 41951 01340 81304 10290 20280 39929 49934 70262 8662/ 333 59022 70007 82708 84618 88458==
41951,2024,07,25,21,00,AAXX 25214 41951 02340 81302 10286 20280 39918 49923 8662/ 333 59021 70007 82708 84618 88458==
41953,2024,07,19,00,00,AAXX 19004 41953 02440 41303 10285 20280 39987 49992 83510 333 59015 70000 82616 84458==
41953,2024,07,19,03,00,AAXX 19034 41953 02445 61304 10310 20270 30005 40010 83510 333 20282 59005 70000 83618 85458==
41953,2024,07,19,06,00,AAXX 19064 41953 NIL=
41953,2024,07,20,06,00,AAXX 20064 41953 02450 61306 10318 20270 30007 40012 83510 333 58018 70030 83616 86458==
41953,2024,07,20,09,00,AAXX 20094 41953 02450 61302 10324 20250 30004 40009 83510 333 58016 70000 83616 85458==
41953,2024,07,21,09,00,AAXX 21094 41953 01450 61304 10312 20270 39992 49997 70362 84410 333 59012 70180 83616 84458==
41953,2024,07,21,12,00,AAXX 21124 41953 11440 81302 10296 20270 39994 49999 60016 70362 8352/ 333 10316 58009 70180 83616 88458==
41953,2024,07,22,15,00,AAXX 22154 41953 01425 81805 10276 20270 30019 40024 70262 8352/ 333 58000 70660 83615 88458==
41953,2024,07,23,00,00,AAXX 23004 41953 11440 81304 10266 20266 30006 40011 60066 70262 8352/ 333 59015 70570 83615 88458==
41953,2024,07,24,12,00,AAXX 24124 41953 NIL=
41953,2024,07,25,00,00,AAXX 25004 41953 21440 80000 10270 20270 39930 49935 70262 8352/ 333 59029 60048 70120 83616 88258==
41953,2024,07,25,03,00,AAXX 25034 41953 02450 61303 10300 20260 39937 49942 83510 333 20270 59048 70120 83616 86458==
41953,2024,07,25,06,00,AAXX 25064 41953 02450 81305 10325 20270 39935 49940 8352/ 333 59023 70120 83616 88458==
41953,2024,07,25,12,00,AAXX 25124 41953 NIL=
41955,2024,07,19,06,00,AAXX 19064 41955 NIL=
41955,2024,07,24,12,00,AAXX 24124 41955 NIL=
41955,2024,07,25,12,00,AAXX 25124 41955 NIL=
41958,2024,07,19,06,00,AAXX 19064 41958 11456 61103 10296 20280 39975 49978 60057 70362 85410 333 56290 59023 70052 84616 86459=
41958,2024,07,24,12,00,AAXX 24124 41958 NIL=
41958,2024,07,25,00,00,AAXX 25001 41958 11450 80000 10280 20280 39919 49921 60033 76166 8542/ 333 56499 59027 70096 82708 84614 88459=
41958,2024,07,25,03,00,AAXX 25034 41958 32456 60000 10313 20270 39927 49929 85410 333 20278 56990 59027 70092 84616 86459=
41958,2024,07,25,12,00,AAXX 25124 41958 NIL=
41960,2024,07,19,03,00,AAXX 19034 41960 02456 61803 10310 20260 39991 49992 84510 333 20284 59015 70002 84618 85459==
41960,2024,07,19,06,00,AAXX 19064 41960 NIL=
41960,2024,07,20,06,00,AAXX 20064 41960 21450 71802 10316 20270 30002 40003 70162 84410 333 58017 60005 70111 83618 87459==
41960,2024,07,20,09,00,AAXX 20094 41960 01450 51008 10317 20260 39985 49986 70262 85400 333 55300 58021 70101 82618==
41960,2024,07,21,09,00,AAXX 21094 41960 01450 81601 10326 20290 39990 49991 70262 8542/ 333 58005 70242 84617 88459==
41960,2024,07,21,12,00,AAXX 21124 41960 11450 81502 10300 20280 39988 49990 60016 70262 8542/ 333 10329 58007 70242 84618 88459==
41960,2024,07,22,15,00,AAXX 22154 41960 01320 80000 10278 20270 30012 40013 76166 8672/ 333 58003 70338 82707 84615 88458==
41960,2024,07,22,18,00,AAXX 22184 41960 21320 80000 10278 20278 30014 40016 76166 8672/ 333 59003 60109 70382 82707 84615 88458==
41960,2024,07,23,00,00,AAXX 23004 41960 11430 80000 10275 20275 39996 49998 69986 70262 8542/ 333 59012 70342 83617 88459==
41960,2024,07,24,12,00,AAXX 24124 41960 NIL=
41960,2024,07,25,00,00,AAXX 25004 41960 21440 40000 10270 20270 39927 49929 70196 84410 333 59030 60509 70540 82618 84460==
41960,2024,07,25,06,00,AAXX 25064 41960 01456 81802 10304 20280 39928 49929 72162 8452/ 333 59030 70030 84618 88459==
41960,2024,07,25,12,00,AAXX 25124 41960 NIL=
41963,2024,07,19,06,00,AAXX 19064 41963 NIL=
41963,2024,07,24,09,00,AAXX 24094 41963 02456 31802 10310 20270 39962 49965 83500 333 59017 70100 83618==
41963,2024,07,24,12,00,AAXX 24124 41963 02450 31803 10300 20270 39946 49949 83500 333 10330 59031 70100 83618==
41963,2024,07,24,21,00,AAXX 24214 41963 32440 51802 10282 20270 39958 49961 82510 333 56990 59019 70040 82618 85458=
41963,2024,07,25,00,00,AAXX 25004 41963 02440 51802 10282 20270 39958 49961 82510 333 59019 70040 82618 85458==
41963,2024,07,25,03,00,AAXX 25034 41963 01456 61802 10295 20280 39961 49964 70362 82510 333 20272 59021 70050 82618 86458==
41963,2024,07,25,06,00,AAXX 25064 41963 11456 21804 10310 20280 39947 49950 60046 70162 82500 333 59021 70050 82618==
41963,2024,07,25,09,00,AAXX 25094 41963 02456 61805 10305 20290 39923 49926 82510 333 59039 70050 82618 86458==
41963,2024,07,25,12,00,AAXX 25124 41963 02440 61805 10290 20280 39912 49915 82510 333 10315 59034 70050 82618 86458==
41963,2024,07,25,21,00,AAXX 25214 41963 02430 61802 10288 20280 39942 49945 82510 333 59019 70050 82618 86458==
41964,2024,07,19,06,00,AAXX 19064 41964 NIL=
41964,2024,07,24,12,00,AAXX 24124 41964 02457 71902 10301 20270 39931 49934 84510 333 10319 59035 70446 84618 86460==
41964,2024,07,24,21,00,AAXX 24214 41964 21440 71802 10280 20270 39952 49954 70362 83520 333 56490 59017 6002/ 70127 83618 86458=
41964,2024,07,25,00,00,AAXX 25004 41964 01440 71802 10280 20270 39952 49954 70362 83520 333 59017 70127 83618 86458==
41964,2024,07,25,03,00,AAXX 25034 41964 02356 81606 10294 20270 39934 49936 8562/ 333 20263 59029 70085 83709 83618 88460==
41964,2024,07,25,06,00,AAXX 25064 41964 02457 61804 10326 20280 39933 49935 83510 333 59030 70025 83618 85460==
41964,2024,07,25,09,00,AAXX 25094 41964 02457 51603 10320 20270 39927 49929 83510 333 59026 70025 83618 84460==
41964,2024,07,25,12,00,AAXX 25124 41964 NIL=
41964,2024,07,25,15,00,AAXX 25154 41964 02456 51404 10291 20270 39925 49928 83510 333 59018 70022 83618 84460==
41964,2024,07,25,18,00,AAXX 25184 41964 02456 51802 10286 20260 39946 49948 83510 333 59020 70020 83618 84460==
41965,2024,07,19,06,00,AAXX 19064 41965 NIL=
41965,2024,07,21,09,00,AAXX 21094 41965 02456 31303 10320 20250 39994 40003 83600 333 58007 70000 83618==
41965,2024,07,23,00,00,AAXX 23004 41965 01430 81302 10260 20240 30011 40020 76366 8461/ 333 59011 71280 81710 83618 88456==
41965,2024,07,24,12,00,AAXX 24124 41965 NIL=
41965,2024,07,25,12,00,AAXX 25124 41965 NIL=
41966,2024,07,19,06,00,AAXX 19064 41966 NIL=
41966,2024,07,20,06,00,AAXX 20064 41966 02550 41801 10335 20220 39942 40018 82130 333 58024 70010 82826 83362==
41966,2024,07,24,12,00,AAXX 24124 41966 NIL=
41966,2024,07,25,12,00,AAXX 25124 41966 NIL=
41977,2024,07,19,06,00,AAXX 19064 41977 02456 51304 10337 20250 39972 40009 83431 333 59007 70000 82617 83363 85080==
41977,2024,07,20,06,00,AAXX 20064 41977 42456 51303 10344 20250 39990 40027 83431 333 58018 83617 83365 85080==
41977,2024,07,22,15,00,AAXX 22154 41977 01456 70000 10268 20260 30011 40049 70162 84510 333 59001 70406 84618 87460==
41977,2024,07,22,18,00,AAXX 22184 41977 01450 80000 10262 20260 30013 40051 76162 8562/ 333 59001 70410 82710 83616 88460==
41977,2024,07,23,00,00,AAXX 23004 41977 21450 80000 10263 20260 39999 40037 76166 8472/ 333 59015 60459 70656 84709 88458==
41977,2024,07,24,12,00,AAXX 24124 41977 NIL=
41977,2024,07,25,12,00,AAXX 25124 41977 NIL=
41978,2024,07,19,00,00,AAXX 19004 41978 02457 61007 10273 20260 39988 49994 83530 333 59014 70020 83616 85360==
41978,2024,07,19,03,00,AAXX 19034 41978 02556 31208 10323 20250 39998 40004 83200 333 20272 59007 70020 83828==
41978,2024,07,19,06,00,AAXX 19064 41978 NIL=
41978,2024,07,19,12,00,AAXX 19124 41978 NIL=
41978,2024,07,19,18,00,AAXX 19184 41978 NIL=
41978,2024,07,20,09,00,AAXX 20094 41978 02557 61305 10348 20270 39986 49992 83220 333 58021 70000 83828 85460==
41978,2024,07,20,12,00,AAXX 20121 41978 02457 51408 10316 20260 39988 49994 83530 333 10353 58020 70000 83618 84360==
41978,2024,07,20,18,00,AAXX 20184 41978 NIL=
41978,2024,07,21,12,00,AAXX 21124 41978 NIL=
41978,2024,07,21,18,00,AAXX 21184 41978 11457 71712 10272 20260 30026 40033 60086 70262 84320 333 58012 70082 83614 87460 81928==
41978,2024,07,22,00,00,AAXX 22004 41978 01440 81607 10262 20262 30026 40033 76162 8432/ 333 58021 70260 83612 88459 81928==
41978,2024,07,22,06,00,AAXX 22064 41978 21456 81309 10310 20260 30029 40035 70262 8432/ 333 58014 60038 70378 83614 88460 81928==
41978,2024,07,22,12,00,AAXX 22124 41978 NIL=
41978,2024,07,22,18,00,AAXX 22184 41978 01456 81206 10267 20260 30031 40037 72162 8352/ 333 58005 70536 83616 88459==
41978,2024,07,23,00,00,AAXX 23004 41978 21440 81203 10266 20260 30020 40026 76166 8432/ 333 59006 60479 70746 84613 88458 81929==
41978,2024,07,23,12,00,AAXX 23124 41978 NIL=
41978,2024,07,23,18,00,AAXX 23184 41978 11457 81510 10274 20260 39986 49993 60012 76162 8432/ 333 59045 70569 83614 88459 81929==
41978,2024,07,24,00,00,AAXX 24004 41978 21445 82009 10267 20260 39968 49974 72166 8432/ 333 59052 60289 70379 84612 88458 81925==
41978,2024,07,24,03,00,AAXX 24034 41978 NIL=
41978,2024,07,24,06,00,AAXX 24064 41978 21459 71508 10314 20280 39963 49969 70162 84370 333 59038 60025 70333 84615 81925==
41978,2024,07,24,09,00,AAXX 24094 41978 01456 71808 10303 20280 39945 49952 76122 84320 333 59037 70311 83616 87460 81928==
41978,2024,07,24,12,00,AAXX 24124 41978 01456 71506 10290 20270 39937 49943 70262 84320 333 10327 59038 70312 83616 87460 81928==
41978,2024,07,24,15,00,AAXX 24154 41978 02456 61404 10277 20270 39952 49958 83520 333 59036 70312 83616 85460==
41978,2024,07,24,18,00,AAXX 24184 41978 NIL=
41978,2024,07,24,21,00,AAXX 24214 41978 11456 71105 10267 20260 39939 49945 60014 72162 84320 333 56990 59029 70032 83616 81928 87460=
41978,2024,07,25,00,00,AAXX 25004 41978 01456 71105 10267 20260 39939 49945 72162 84320 333 59029 70010 83616 87460 81928==
41978,2024,07,25,03,00,AAXX 25034 41978 02460 51309 10308 20260 39939 49945 83842 333 20264 59034 70022 83618 84080==
41978,2024,07,25,06,00,AAXX 25064 41978 02460 61708 10330 20270 39932 49938 85341 333 59031 70012 83615 83820 81925==
41978,2024,07,25,09,00,AAXX 25094 41978 01458 61710 10300 20270 39916 49922 72122 84330 333 59029 70011 83616 85362 81929==
41978,2024,07,25,12,00,AAXX 25124 41978 01458 61607 10302 20260 39908 49914 70262 82531 333 10340 59029 70023 82618 83362==
41978,2024,07,25,15,00,AAXX 25154 41978 02458 21405 10282 20260 39931 49937 82500 333 59021 70023 82618==
41978,2024,07,25,18,00,AAXX 25184 41978 02458 61204 10284 20260 39929 49935 83520 333 59030 70023 83617 85460==
41978,2024,07,25,21,00,AAXX 25214 41978 02458 61204 10280 20270 39923 49929 83520 333 59018 70023 83617 85360==
41980,2024,07,19,06,00,AAXX 19064 41980 NIL=
41980,2024,07,24,12,00,AAXX 24124 41980 NIL=
41980,2024,07,25,00,00,AAXX 25004 41980 32950 50502 10262 20240 39854 49954 85030 333 56090 59029 70050 85362=
41980,2024,07,25,12,00,AAXX 25124 41980 32450 31802 10292 20250 39809 49918 83500 333 10335 56900 59044 70000 83616=
41984,2024,07,19,06,00,AAXX 19064 41984 NIL=
41984,2024,07,23,00,00,AAXX 23004 41984 21340 82302 10275 20270 39982 49984 75352 8672/ 333 59012 60089 70496 82707 84617 88458==
41984,2024,07,24,12,00,AAXX 24124 41984 NIL=
41984,2024,07,24,18,00,AAXX 24184 41984 21345 70000 10281 20280 39933 49936 70162 333 59030 60087 70764 81708 84616 87458==
41984,2024,07,25,12,00,AAXX 25124 41984 NIL=
41989,2024,07,19,03,00,AAXX 19034 41989 02450 21403 10315 20250 30007 40010 80001 333 20280 70000 83080==
41989,2024,07,19,06,00,AAXX 19064 41989 02456 21807 10327 20260 39995 49998 82500 333 59025 70000 82618==
41989,2024,07,21,09,00,AAXX 21094 41989 02450 51403 10310 20260 30008 40011 83530 333 58015 70010 83618 84362==
41989,2024,07,24,12,00,AAXX 24124 41989 NIL=
41989,2024,07,24,21,00,AAXX 24214 41989 01440 61403 10263 20240 30017 40023 72162 84470 333 59003 70490 83618 84460==
41989,2024,07,25,00,00,AAXX 25004 41989 01430 61403 10265 20250 39961 49964 72162 84270 333 59013 70100 83618 84460==
41989,2024,07,25,03,00,AAXX 25034 41989 01450 51803 10300 20270 39969 49972 70162 83570 333 20258 59012 70200 83618 83460==
41989,2024,07,25,12,00,AAXX 25124 41989 02440 51804 10305 20270 39920 49924 83570 333 10323 59028 70110 83618 83460==
41992,2024,07,19,00,00,AAXX 19004 41992 01425 70902 10274 20230 39994 49996 70522 84520 333 59007 70000 84615 87460==
41992,2024,07,19,03,00,AAXX 19034 41992 01435 40000 10315 20250 30004 40006 70521 84400 333 20272 59010 70000 82616 83825==
41992,2024,07,19,06,00,AAXX 19064 41992 01440 50605 10320 20240 39993 49995 70522 85820 333 59014 70000 83616 83825==
41992,2024,07,20,06,00,AAXX 20064 41992 01440 41504 10333 20240 30015 40017 70552 82530 333 58022 70040 82616 84362==
41992,2024,07,20,09,00,AAXX 20094 41992 01440 41806 10320 20250 39996 49998 70552 83500 333 58021 70040 83616 84362==
41992,2024,07,20,12,00,AAXX 20121 41992 21435 41804 10315 20250 39999 40001 70552 83530 333 10338 58029 60005 70040 83616 84362==
41992,2024,07,21,09,00,AAXX 21094 41992 01458 61808 10302 20270 30013 40015 70562 83330 333 58017 70240 83616 86360 81925==
41992,2024,07,21,18,00,AAXX 21184 41992 21420 81503 10266 20260 30040 40042 75152 8432/ 333 58017 60009 70210 83614 88458 81925==
41992,2024,07,22,00,00,AAXX 22004 41992 21420 82102 10265 20260 30031 40033 75166 8592/ 333 58017 60039 70110 84614 88458 81925==
41992,2024,07,22,06,00,AAXX 22064 41992 21425 81504 10298 20260 30043 40045 72065 8432/ 333 58011 60479 70500 83615 88458 81925==
41992,2024,07,22,15,00,AAXX 22154 41992 01315 81506 10262 20260 30041 40043 76366 8692/ 333 58008 71150 83707 85612 88458 81925==
41992,2024,07,22,18,00,AAXX 22184 41992 21315 80902 10263 20260 30039 40041 76366 8692/ 333 59001 60259 71280 83707 85612 88458 81925==
41992,2024,07,23,00,00,AAXX 23004 41992 21320 81802 10265 20260 30026 40028 76166 8692/ 333 59005 60409 71650 82708 84612 88458 81925==
41992,2024,07,23,18,00,AAXX 23184 41992 21315 80000 10270 20270 39995 49997 76366 8692/ 333 59044 60389 71160 83707 85612 88458 81925==
41992,2024,07,23,21,00,AAXX 23214 41992 01315 82702 10272 20270 30003 40005 76166 8692/ 333 59020 71020 82708 84612 88458 81925==
41992,2024,07,24,00,00,AAXX 24004 41992 21320 81802 10275 20270 39974 49976 76166 8692/ 333 59052 60119 70870 82708 84612 88458 81925==
41992,2024,07,24,03,00,AAXX 24034 41992 01425 71803 10305 20280 39980 49982 72166 83330 333 20262 59045 70780 83616 87360 81925==
41992,2024,07,24,06,00,AAXX 24064 41992 21430 51804 10318 20280 39973 49975 70562 83530 333 59044 60038 70720 83616 85362==
41992,2024,07,24,09,00,AAXX 24094 41992 01325 81503 10290 20270 39958 49960 76162 8432/ 333 59042 70610 82707 84613 88458 81925==
41992,2024,07,24,12,00,AAXX 24124 41992 21325 81502 10278 20270 39952 40054 75165 8432/ 333 10322 59032 60069 70580 82708 84614 81325 88458==
41992,2024,07,24,15,00,AAXX 24154 41992 01425 61802 10278 20260 39963 49965 70522 84530 333 59038 70400 84616 86360==
41992,2024,07,24,18,00,AAXX 24184 41992 01420 71502 10270 20250 39966 49968 70522 85320 333 59029 70200 84615 87470 81925==
41992,2024,07,25,03,00,AAXX 25034 41992 01425 81503 10282 20260 39949 49951 70566 8432/ 333 20260 59031 70340 83615 88460 81925==
41992,2024,07,25,06,00,AAXX 25064 41992 01325 81809 10280 20260 39947 49949 76162 8592/ 333 59026 70340 83708 85614 88458 81925==
41992,2024,07,25,09,00,AAXX 25094 41992 01425 81505 10280 20260 39926 49928 76166 8592/ 333 59032 70440 84614 88458 81925==
41992,2024,07,25,12,00,AAXX 25124 41992 21425 80000 10280 20260 39921 49923 76166 8592/ 333 10320 59031 60129 70400 84614 88458 81925==
41992,2024,07,25,15,00,AAXX 25154 41992 01425 51802 10268 20250 39939 49941 70555 83530 333 59024 70400 83616 85362==
41992,2024,07,25,18,00,AAXX 25184 41992 11425 71803 10268 20250 39942 49944 60006 70552 84530 333 59024 70400 84616 87360==
41992,2024,07,25,21,00,AAXX 25214 41992 01420 81506 10265 20260 39919 49921 75162 8592/ 333 59022 70400 84615 88460 81925==
41998,2024,07,19,06,00,AAXX 19064 41998 02456 82103 10310 20260 39995 40001 8347/ 333 59007 70000 83618 88458==
41998,2024,07,20,09,00,AAXX 20094 41998 02956 61703 10311 20250 39996 40002 83470 333 58016 70250 83618 83458==
41998,2024,07,21,09,00,AAXX 21094 41998 01456 81402 10270 20260 39998 40004 76166 8442/ 333 58002 70660 83618 88458==
41998,2024,07,21,12,00,AAXX 21124 41998 21456 80000 10273 20250 30015 40021 70262 84420 333 10286 58020 60038 70570 83618 88458==
41998,2024,07,24,12,00,AAXX 24124 41998 NIL=
41998,2024,07,25,12,00,AAXX 25124 41998 NIL=
