station_id,scale,variable,label,unit,n,bmd_mean,nasa_mean,bias,mae,rmse,ubrmse,pearson_r,r2,nse,kge,pbias_percent,std_ratio
ambagan_ctg,daily,T2M,Temperature at 2 m,deg C,1461,26.638800479123887,25.655768309377137,-0.9830321697467488,1.286247433264887,1.5451525927582679,1.1921175647353732,0.9570888291241294,0.916019026834197,0.8073922898709364,0.8561846674648327,-3.6902268573133568,1.1322108311010066
ambagan_ctg,daily,RH2M,Relative humidity at 2 m,%,1461,79.33778234086242,78.93623374401095,-0.40154859685147154,6.021615331964407,7.607641578486819,7.597036863875812,0.72771402292874,0.5295676991671308,0.46463302851220567,0.7269034892170534,-0.5061253100399007,0.9795932704917457
ambagan_ctg,daily,PRECTOTCORR,Precipitation,mm / 3h,1461,7.24394250513347,224.9237713894593,217.6798288843258,217.7024709103354,452.76393942872994,397.002112014424,0.7040450716933749,0.49567946297572946,-444.84927369077644,-34.135574392673945,3004.991118166185,19.205049754333825
ambagan_ctg,daily,WS10M,Wind speed at 10 m,m/s,1461,1.6429671457905544,3.0329671457905545,1.39,1.4935472279260782,1.742230904734122,1.0503659007273025,0.6832207457890813,0.46679058747658847,-0.653997787051809,0.09487023656247795,84.60303077644119,0.9439329766610257
barisal,daily,T2M,Temperature at 2 m,deg C,1461,25.903422313483915,25.618571184120466,-0.2848511293634497,0.9844917864476386,1.212931638314021,1.1790093270723103,0.9645424253184823,0.9303420902392601,0.9251172443008098,0.9628008674982467,-1.0996660051948874,0.9976315987904342
barisal,daily,RH2M,Relative humidity at 2 m,%,1461,82.79089664613278,79.27060831622177,-3.52028832991102,6.435875256673512,8.601562358021392,7.848212858557214,0.7530292488310051,0.5670530495949878,-0.4845534039144286,0.304198710395444,-4.252023437984416,1.6491047006074357
barisal,daily,PRECTOTCORR,Precipitation,mm / 3h,1461,5.531622176591375,182.39090349075974,176.85928131416838,176.86671457905544,374.54529800396483,330.15901452166156,0.7751200848716526,0.6008111459714379,-483.12515451713244,-36.274627206994374,3197.2408032963367,20.16017711342661
barisal,daily,WS10M,Wind speed at 10 m,m/s,1461,0.6301212476777158,3.058420602327173,2.4282993546494573,2.428963283465337,2.6253753621388856,0.9979769718460013,0.6948636518408835,0.48283549464964853,-6.696050163561915,-2.8937675473502344,385.3701749621756,1.4661548528034396
bhola,daily,T2M,Temperature at 2 m,deg C,1461,26.1359257357974,25.788406913073235,-0.34751882272416157,0.9315160848733746,1.1483219993475215,1.0944743405114175,0.9680861948646091,0.9371908806874379,0.9308143232780196,0.9569926171001762,-1.3296595124930968,0.9744198400365437
bhola,daily,RH2M,Relative humidity at 2 m,%,1461,83.75521902806297,80.10015913757701,-3.655059890485968,5.716454483230664,7.553386980757349,6.61015824909172,0.7630526382316676,0.5822493287123082,-0.40694499978983023,0.37628432987823535,-4.363978666525016,1.57530231524502
bhola,daily,PRECTOTCORR,Precipitation,mm / 3h,1461,6.001437371663243,221.84903490759757,215.84759753593426,215.84950034223135,456.3709186789618,402.09977624197313,0.7933032348844634,0.6293300224781542,-677.1659909230113,-41.54700614197974,3596.598350839977,23.73000304369684
bhola,daily,WS10M,Wind speed at 10 m,m/s,1461,1.462696783025325,3.320417522245037,1.8577207392197126,1.8715913757700202,2.104145252024045,0.9880793979677427,0.754147608028309,0.56873861469482,-1.5915043334344232,-0.3000159748645228,127.00655124005615,1.1285757771722713
bogra,daily,T2M,Temperature at 2 m,deg C,1461,26.137910677618073,25.453638774811772,-0.684271902806297,1.350878678986995,1.625859339133779,1.474852722707721,0.9547523635418554,0.9115520756887593,0.8810227190157357,0.9262738272061456,-2.6179288438392287,1.0519888911849475
bogra,daily,RH2M,Relative humidity at 2 m,%,1461,76.12799452429843,74.49216119096509,-1.6358333333333335,8.598506160164272,10.881683756172718,10.758024478263131,0.7364746963173239,0.5423949783156944,-0.2233931077235305,0.34832710561490277,-2.148793415031064,1.595625926468245
bogra,daily,PRECTOTCORR,Precipitation,mm / 3h,1461,4.39876796714579,140.1977481177276,135.7989801505818,135.80048596851472,279.994855700152,244.85864536219836,0.6708373201729221,0.4500227101367876,-453.8938003879065,-34.89387100189426,3087.2048983910618,19.3078731415164
bogra,daily,WS10M,Wind speed at 10 m,m/s,1461,1.1877138945927448,2.7662577002053386,1.5785438056125942,1.6113158795345655,1.8542254879963727,0.9728060516349061,0.6247601057331805,0.39032518971573493,-2.794304616656681,-0.40993291710464197,132.9060654084426,1.284083843698494
chandpur,daily,T2M,Temperature at 2 m,deg C,1461,26.54517453798768,25.577701916495556,-0.9674726214921288,1.4163894592744695,1.708867820721105,1.4086255554118159,0.9526306063964946,0.907505072243353,0.8251743407038383,0.870584351029932,-3.6446270869593254,1.1147877174948622
chandpur,daily,RH2M,Relative humidity at 2 m,%,1461,80.87910677618069,77.99768908281999,-2.8814176933607114,6.852144934976043,8.817075366435914,8.332961664006312,0.7645354373662273,0.5845144349887684,-0.07414094659653347,0.4443249031539488,-3.562623040996916,1.5020577902048033
chandpur,daily,PRECTOTCORR,Precipitation,mm / 3h,1461,5.698015058179329,165.33890485968513,159.6408898015058,159.65637234770708,335.66694133756016,295.27458713932117,0.7545829007441304,0.5693953540954261,-337.2499217945377,-31.224919051030852,2801.6930136459737,16.919698615916644
chandpur,daily,WS10M,Wind speed at 10 m,m/s,1461,1.606690622861054,2.938133983572895,1.3314433607118414,1.3941675222450376,1.7238082044047816,1.0948850637348175,0.5945464280948728,0.3534854551603717,-2.4570030710035775,-0.03064983423300016,82.86868310346665,1.4594829897870072
chittagong,daily,T2M,Temperature at 2 m,deg C,1461,26.91812114989733,25.655768309377137,-1.2623528405201914,1.5029808350444898,1.8331978008206335,1.3293154189146423,0.9485234115231312,0.8996966622074793,0.7031721756931756,0.8026182039699958,-4.689602344422936,1.1846902737772933
chittagong,daily,RH2M,Relative humidity at 2 m,%,1461,77.9840006844627,78.93623374401095,0.9522330595482547,6.295869267624914,8.199713099728823,8.144233979826945,0.6920299463374869,0.47890544662786505,0.3960905752632202,0.6898395314690569,1.221062078362921,0.9652888630765083
chittagong,daily,PRECTOTCORR,Precipitation,mm / 3h,1461,7.735181382614647,224.9237713894593,217.18859000684463,217.19932238193016,451.1349263935513,395.4135027827878,0.7263092025963929,0.5275250577762081,-383.5350454374688,-31.7728942073143,2807.8021608515987,17.900070728341387
chittagong,daily,WS10M,Wind speed at 10 m,m/s,1461,4.825205338809035,3.0329671457905545,-1.7922381930184805,2.388538672142368,2.7878357052848703,2.1353946190685793,0.5620275844527539,0.31587500568579746,-0.17328372856390106,0.2364849969982693,-37.14325230065429,0.49683680194052615
chuadanga,daily,T2M,Temperature at 2 m,deg C,1461,25.46177275838467,26.032103011635865,0.5703302532511977,1.3174982888432578,1.7182141679220462,1.62079712767344,0.9507546929489251,0.9039344861644049,0.8897292334081192,0.9457590068994212,2.23994715004039,0.9960950361736637
chuadanga,daily,RH2M,Relative humidity at 2 m,%,1461,79.96226899383984,71.99022672826831,-7.972042265571526,10.41756245722108,14.488481279688378,12.098042482477146,0.7738911255903023,0.598907474267425,-1.8600062930605867,-0.06510596028915239,-9.969754943029042,2.0360433785292256
chuadanga,daily,PRECTOTCORR,Precipitation,mm / 3h,1461,3.7457905544147847,107.01132785763176,103.26553730321699,103.26635865845311,220.67897515787106,195.0267645278621,0.6957146586040251,0.4840188861965153,-347.27195607798575,-30.963569175349264,2756.842268757081,17.172793060500727
chuadanga,daily,WS10M,Wind speed at 10 m,m/s,1461,0.586413415468857,2.8493702943189594,2.262956878850103,2.2639681724845997,2.4460633003849424,0.9285751633309375,0.6760691739029139,0.4570695279017684,-11.267744863915931,-2.9508888370511173,385.8978698570178,1.7828632234437973
comilla,daily,T2M,Temperature at 2 m,deg C,1461,25.798656741957565,25.04797399041752,-0.750682751540041,1.2885694729637236,1.5510525456608797,1.3572912016002197,0.9543760804036353,0.9108337028466061,0.8515927496777302,0.8766641704498525,-2.9097745632592202,1.1108309794713935
comilla,daily,RH2M,Relative humidity at 2 m,%,1461,80.42701916495551,79.75659650924024,-0.6704226557152638,6.602137234770705,8.523324346033247,8.496916580171115,0.7243637536671335,0.5247028476267396,-0.34859334997998137,0.2898777121551027,-0.8335788926109888,1.6543919605439676
comilla,daily,PRECTOTCORR,Precipitation,mm / 3h,1461,5.465913757700206,173.580643394935,168.11472963723477,168.15401779603013,355.82920403485633,313.61100127877984,0.6943479113786788,0.4821190220359336,-470.377567902929,-35.05726520859248,3075.6930513292514,19.816061663482905
comilla,daily,WS10M,Wind speed at 10 m,m/s,1461,1.2610369609856262,2.6559710814510606,1.3949341204654344,1.4135463723477069,1.5896664377604155,0.7623635503506273,0.7904987010347128,0.6248881963375682,-1.4025340908350672,-0.14558402544611893,110.61802021846799,1.21174825945885
cox_s_bazar,daily,T2M,Temperature at 2 m,deg C,1461,26.793908281998633,26.447628336755646,-0.3462799452429842,0.940439767282683,1.1573009324817234,1.1042806019511446,0.9329553453728165,0.8704056764597115,0.8529141294058719,0.9317088175365384,-1.2923831103640484,0.9987059838547905
cox_s_bazar,daily,RH2M,Relative humidity at 2 m,%,1461,77.62577002053388,79.24878678986995,1.623016769336071,4.9434548254620125,6.468343746976922,6.2614125718969635,0.7886397444685408,0.6219526465554053,0.593833252343594,0.6628554528605419,2.0908221186169804,0.7381677362615968
cox_s_bazar,daily,PRECTOTCORR,Precipitation,mm / 3h,1461,8.697535934291581,371.6609719370294,362.9634360027378,362.9639835728953,868.2858564335515,788.7825255465746,0.6316868862705064,0.39902832228612767,-1197.124307832428,-51.02705128235247,4173.1754688323845,32.06668732292436
cox_s_bazar,daily,WS10M,Wind speed at 10 m,m/s,1461,2.3199007529089664,3.8189322381930193,1.499031485284052,1.662695071868583,2.032079104996417,1.3719511999667218,0.6019753863813104,0.36237436580892796,-0.6790607965878583,0.24000009903184705,64.61619030057165,0.9593668666070939
dhaka,daily,T2M,Temperature at 2 m,deg C,1461,26.911918206707735,25.52429329226557,-1.387624914442163,1.6805971937029431,1.9932855425204936,1.430973218072441,0.9502488758337806,0.9029729260233638,0.7707515795851825,0.8805433467558152,-5.156172457808306,1.095582980739422
dhaka,daily,RH2M,Relative humidity at 2 m,%,1461,71.81057494866529,76.87099845995893,5.060423511293634,8.684340349075976,10.40008430132745,9.08591587904402,0.7553935309985544,0.570619386674464,0.16076330256405813,0.6668518153897537,7.046905716757097,1.2149174265006475
dhaka,daily,PRECTOTCORR,Precipitation,mm / 3h,1461,5.300752908966461,167.54735797399042,162.24660506502397,162.25114989733058,334.9332640482014,293.01250913716353,0.6576044691374621,0.4324436378295633,-393.6302441214824,-34.023812927945634,3060.8218842001966,18.020199077340237
dhaka,daily,WS10M,Wind speed at 10 m,m/s,1461,1.1744524298425736,2.7613757700205337,1.5869233401779603,1.6120225872689937,1.8703101597558174,0.9898153393862197,0.6347852525746924,0.40295231688631605,-2.8761518819612415,-0.4389351547488045,135.12027391272673,1.3337719664831142
dinajpur,daily,T2M,Temperature at 2 m,deg C,1461,25.328755989048595,25.16686344969199,-0.16189253935660522,1.4843822724161533,1.79079013745131,1.783457350791869,0.9420875148741902,0.8875288856818275,0.8811588158835465,0.9396928478089429,-0.6391649847572567,1.015564173096384
dinajpur,daily,RH2M,Relative humidity at 2 m,%,1461,78.35326830937714,72.9517599247091,-5.401508384668036,10.736457049965777,14.517320027929916,13.47502459974363,0.7022142535766115,0.4931048579261576,-1.6925215404977778,-0.09228497224595911,-6.893788225068329,2.048645639962429
dinajpur,daily,PRECTOTCORR,Precipitation,mm / 3h,1461,4.708624229979466,131.2890622861054,126.58043805612596,126.58043805612596,271.99301610744567,240.7438338000466,0.696324033883967,0.48486716016444004,-338.4507058837393,-30.279156199808348,2688.267992382946,16.987961520861532
dinajpur,daily,WS10M,Wind speed at 10 m,m/s,1461,1.4805783709787816,2.7014040041067764,1.2208256331279945,1.2702985968514715,1.4862354831603437,0.8476323996299876,0.6463977402620943,0.4178300386159419,-2.14236627811593,0.05087790782282109,82.45599537705866,1.309675750430801
faridpur,daily,T2M,Temperature at 2 m,deg C,1461,26.29189767282683,25.697857631759074,-0.5940400410677619,1.2834890485968515,1.539512803000458,1.4202873301591263,0.9541051423169529,0.9103166225956529,0.8847780947354992,0.931428140624999,-2.259403442307298,1.0456647735665772
faridpur,daily,RH2M,Relative humidity at 2 m,%,1461,78.4438740588638,76.5359462696783,-1.9079277891854898,7.553090349075975,9.739261624897612,9.550551217048001,0.769594008043931,0.5922749372171221,-0.3133610290556137,0.26798565941001085,-2.4322202492877807,1.6943821024234653
faridpur,daily,PRECTOTCORR,Precipitation,mm / 3h,1461,4.057563312799453,151.62671457905543,147.569151266256,147.57401095140315,315.87818940170405,279.28905480569,0.730787145567059,0.5340498521260499,-583.4041875651801,-41.04441275002439,3636.8909093976145,22.094137082315573
faridpur,daily,WS10M,Wind speed at 10 m,m/s,1461,1.3667864476386038,2.8314305270362765,1.464644079397673,1.5272245037645449,1.7351957142255356,0.9304417699953125,0.7204957964372157,0.5191141926836979,-0.9511552025215069,-0.10745435774971202,107.15968701095463,1.003564079261929
feni,daily,T2M,Temperature at 2 m,deg C,1461,25.698023613963038,25.047697638603694,-0.6503259753593428,1.1926001026694044,1.4206778505546105,1.2630921109837507,0.9604327626825061,0.9224310916339511,0.8828454466695155,0.9045822425447477,-2.5306458781755796,1.0830576023779748
feni,daily,RH2M,Relative humidity at 2 m,%,1461,78.40494524298425,81.51947381930185,3.114528576317591,5.896895106091718,7.199005902671268,6.490408133083533,0.7672863705250028,0.588728374393432,0.1289265446300838,0.6087129404423797,3.972362414979534,1.3120448097921646
feni,daily,PRECTOTCORR,Precipitation,mm / 3h,1461,4.709514031485284,204.38371663244357,199.67420260095827,199.67475017111568,412.46537552193274,360.9125916619154,0.49191595068917143,0.24198130254243133,-714.4023251548837,-47.18021492123282,4239.804813533703,23.87969568785093
feni,daily,WS10M,Wind speed at 10 m,m/s,1461,1.0781143052703628,2.8408675564681722,1.76275325119781,1.7753576317590691,1.9962370561876963,0.9368368907597905,0.6668683090190219,0.44471334157388975,-3.6832382388295803,-0.7063710005922412,163.5033727481946,1.3569173267338182
hatiya,daily,T2M,Temperature at 2 m,deg C,1461,26.114442162902126,26.317822553045854,0.2033803901437372,0.7287020876112251,0.9324139914835973,0.909962784084797,0.9719312199266058,0.9446502962680202,0.9416977131064761,0.9493487861975085,0.7788042680561527,0.9585628736992671
hatiya,daily,RH2M,Relative humidity at 2 m,%,1339,85.14927184466019,78.71343913368185,-6.435832710978342,7.005754294249441,8.690367492762354,5.8397383910207665,0.73580895116344,0.5414148126122417,-0.5591553298573866,0.6408553124402652,-7.558294476926805,1.2312470859860156
hatiya,daily,PRECTOTCORR,Precipitation,mm / 3h,1461,8.010746064339495,235.65045174537988,227.63970568104037,227.66931553730322,473.4073820962273,415.08398405702496,0.6980938758734502,0.48733505953201606,-581.5417809299195,-34.245697698628014,2841.6792125567126,21.84835687164802
hatiya,daily,WS10M,Wind speed at 10 m,m/s,1461,1.1733401779603012,4.0987132101300485,2.925373032169747,2.9541632443531824,3.269985738367048,1.4611636978031823,0.6470194176197228,0.41863412677696527,-4.674847598995511,-1.5480553327401867,249.3201108356424,1.3897934330622856
ishurdi,daily,T2M,Temperature at 2 m,deg C,1461,25.652592402464066,25.950561259411366,0.29796885694729625,1.33072553045859,1.6760752694760905,1.6493765092418622,0.9500811152762534,0.9026541256045695,0.8952226617919785,0.9467985148285046,1.161554560538976,1.0142682189736225
ishurdi,daily,RH2M,Relative humidity at 2 m,%,1461,78.86079739904176,71.31349332648871,-7.547304072553046,10.476898528405203,14.39683273409715,12.259975285863973,0.7781944141859994,0.6055865462702908,-1.6792916866684813,-0.05074925238100825,-9.570413084162848,2.0226030475315455
ishurdi,daily,PRECTOTCORR,Precipitation,mm / 3h,1461,3.767214236824093,105.97718685831622,102.20997262149214,102.2139972621492,220.86686663881957,195.7940098051111,0.6618041628283159,0.4379847499368881,-341.10282953897894,-30.52052759223749,2713.1446792274573,17.041006147579974
ishurdi,daily,WS10M,Wind speed at 10 m,m/s,1461,1.2959445585215605,2.8149383983572895,1.518993839835729,1.5339852840520192,1.7352436193162686,0.838885053460205,0.7401090938360869,0.5477614707788737,-3.02868457962024,-0.2785387519235403,117.21132897603486,1.439623126132688
jessore,daily,T2M,Temperature at 2 m,deg C,1461,26.22129534565366,25.888777378507875,-0.33251796714579057,1.2832725872689938,1.560139469836117,1.524292283935647,0.9513397718294967,0.9050473614645989,0.8970649607404216,0.9489430818687487,-1.268121817638988,1.0088418204584046
jessore,daily,RH2M,Relative humidity at 2 m,%,1461,79.35232717316906,75.31674623545517,-4.0355809377138945,8.837105578370979,11.802414390972602,11.091035657295373,0.7670137525524552,0.588310096604599,-1.4514849781454764,-0.1168472373620486,-5.085649131508297,2.091090636654293
jessore,daily,PRECTOTCORR,Precipitation,mm / 3h,1461,4.303696098562628,137.94533196440796,133.6416358658453,133.7610882956879,287.922273669148,255.02774131045544,0.6841772560740258,0.4680985177289831,-454.6500134765571,-35.18688828890853,3105.2758560363886,19.577333657446943
jessore,daily,WS10M,Wind speed at 10 m,m/s,1461,3.011599198200841,2.78988620807666,-0.22171299012418108,1.19831047716828,1.566702103828369,1.5509348252426447,0.7509260311759669,0.5638899042976893,0.5088741867894502,0.47032084912644434,-7.361968692800643,0.5383699504787434
khepupara,daily,T2M,Temperature at 2 m,deg C,1461,26.373870636550308,26.223081793292266,-0.1507888432580425,0.8359941820670774,1.0450085936148816,1.0340723792258713,0.9688667477733522,0.9387027749409126,0.9367398809261845,0.9351978397500306,-0.571735735478551,0.9434548640134951
khepupara,daily,RH2M,Relative humidity at 2 m,%,1461,83.53122861054072,78.51414869952087,-5.01707991101985,6.44692248459959,8.460271489635856,6.812129097777461,0.7631670004251615,0.5824238705379384,-0.4522118627078884,0.45514285586431025,-6.006232632362777,1.4870030336503854
khepupara,daily,PRECTOTCORR,Precipitation,mm / 3h,1461,7.989048596851472,230.4609171800137,222.47186858316223,222.47186858316223,493.69272291671183,440.7252799080549,0.7344413811774867,0.5394041423858943,-414.2111889230356,-32.111675803816155,2784.7104180945857,18.912323743516396
khepupara,daily,WS10M,Wind speed at 10 m,m/s,1461,0.9386550308008214,3.1272946611909656,2.188639630390144,2.2403422313483916,2.4302624560573074,1.0564242394073473,0.705943470624608,0.49835618371751683,-1.9110717009327134,-1.3513095544349327,233.16762373530216,0.926018228786043
khulna,daily,T2M,Temperature at 2 m,deg C,1461,26.763475359342916,25.888777378507875,-0.8746979808350445,1.5136096851471594,1.7785293853865434,1.548570378447984,0.9499374451238365,0.9023811496484019,0.8394984675493127,0.8791252208494645,-3.2682526058025356,1.1050538210843772
khulna,daily,RH2M,Relative humidity at 2 m,%,1461,79.07409308692677,75.31674623545517,-3.757346851471594,8.968382101300481,12.219879790691381,11.62788917803589,0.7069337951981159,0.49975539079321174,-1.429955855936702,-0.05346661002873199,-4.751678716493295,2.010765181922078
khulna,daily,PRECTOTCORR,Precipitation,mm / 3h,1461,4.661054072553046,137.94533196440796,133.28427789185488,133.28533196440793,286.0894249933375,253.14513694690103,0.7687475180072643,0.5909727464423291,-392.3272120061184,-32.425069146416675,2859.5308232253515,18.305782757064822
khulna,daily,WS10M,Wind speed at 10 m,m/s,1461,0.8471937029431896,2.78988620807666,1.9426925051334705,1.957119267624915,2.0925281028008427,0.7775729493169985,0.7877384810984127,0.6205319146032343,-2.131568894305728,-1.3029635233466195,229.3091294687942,1.017842412534298
kutubdia,daily,T2M,Temperature at 2 m,deg C,1461,26.70231861738535,25.778793634496918,-0.9235249828884328,1.1964048596851473,1.437013220708887,1.1009580384706081,0.9519819650386832,0.9062696617589125,0.7966031529694984,0.8731815120759239,-3.458594724007015,1.1121650990785898
kutubdia,daily,RH2M,Relative humidity at 2 m,%,1461,79.66889117043121,81.07231519507187,1.4034240246406569,5.059284736481861,6.301143845523454,6.14286698285414,0.6282442283221683,0.3946908104201167,-0.04054489732606803,0.5529821696786672,1.7615709268984179,1.2476131531974066
kutubdia,daily,PRECTOTCORR,Precipitation,mm / 3h,1461,7.739835728952773,390.28078028747433,382.54094455852163,382.54149212867907,931.2761472548617,849.0804957023411,0.6793277640637997,0.4614862110279215,-1868.562244422572,-62.018407017733104,4942.494362348447,40.09465104314343
kutubdia,daily,WS10M,Wind speed at 10 m,m/s,1461,2.667778918548939,3.3008590006844627,0.6330800821355237,0.918870636550308,1.1705425001296863,0.9845706446025775,0.661506904067102,0.43759138412844206,-0.31805747127331974,0.5063200527456235,23.730605176229115,1.269866915578473
m_court,daily,T2M,Temperature at 2 m,deg C,1461,26.342607802874745,25.047697638603694,-1.2949101642710472,1.5919806639288159,1.8945871585005083,1.3829924683896728,0.9551793555070464,0.9123676011868564,0.7661002434473947,0.838156450429477,-4.915649103388066,1.1475401089672181
m_court,daily,RH2M,Relative humidity at 2 m,%,1461,81.08761122518823,81.51947381930185,0.431862594113621,5.613390657084189,7.074436446553132,7.0612425065369875,0.7170663327729871,0.5141841255965004,0.12865543663759915,0.5612025744558341,0.5325876389604034,1.3353555660106813
m_court,daily,PRECTOTCORR,Precipitation,mm / 3h,1461,7.047570157426421,204.38371663244357,197.3361464750171,197.3381314168378,405.71616536624896,354.4912581910647,0.7530953861117854,0.5671526605828591,-477.53361261093863,-32.75817036971467,2800.059340552615,19.85523465143638
m_court,daily,WS10M,Wind speed at 10 m,m/s,1461,1.4762149212867899,2.8408675564681722,1.3646526351813828,1.5054397672826831,1.723672731599739,1.05298189488377,0.711165252578253,0.5057560164746904,-0.37780131967629926,0.020314607920228545,92.44267995827056,0.8523753125334799
madaripur,daily,T2M,Temperature at 2 m,deg C,1461,25.930715263518138,25.722345140314854,-0.2083701232032854,1.1745970225872688,1.4400732871120114,1.424918581537149,0.954112280076376,0.9103302429925411,0.8988037158365405,0.9308471990189718,-0.8035648885337182,1.0511063145875763
madaripur,daily,RH2M,Relative humidity at 2 m,%,1461,81.8790212183436,77.28628935660507,-4.592731861738535,7.988770533880904,10.892603790420694,9.877025431842268,0.7734156482481115,0.5981717649550465,-1.6941793919645889,-0.14410044702136426,-5.609168005918483,2.1200353065166295
madaripur,daily,PRECTOTCORR,Precipitation,mm / 3h,1461,4.941204654346338,158.5986789869952,153.6574743326489,153.6574743326489,336.50902412067273,299.3788634762963,0.7531087342591842,0.5671727656174705,-473.46725663054593,-35.506144745111826,3109.716862212741,20.12076757196036
madaripur,daily,WS10M,Wind speed at 10 m,m/s,1461,0.037217659137577006,2.834555954825462,2.797338295687885,2.797338295687885,3.0330488505857196,1.1722985070012482,0.45422911578187253,0.20632408962398177,-102.2692392509179,-74.23508344619773,7516.158620689655,4.279614941046243
mongla,daily,T2M,Temperature at 2 m,deg C,1461,26.676839493497607,26.134822895277207,-0.542016598220397,1.3315203627652292,1.5956746602231402,1.5007983304001316,0.9483558489242813,0.8993788161888941,0.8507998255969791,0.8628182175173065,-2.0317871551182507,1.1254548014243657
mongla,daily,RH2M,Relative humidity at 2 m,%,1461,81.93394934976044,75.67624315537303,-6.257706194387406,8.369552532511976,11.918934615782547,10.144067998590355,0.7787052744867418,0.6063819045134718,-1.304013963966117,0.06231044480738457,-7.6375009920179115,1.9079962578320624
mongla,daily,PRECTOTCORR,Precipitation,mm / 3h,1461,6.177618069815195,150.49915811088297,144.32154004106775,144.4139972621492,318.5903782537689,284.0266223368049,0.7490741111379909,0.5611120239771712,-298.52496316037184,-26.853077477001705,2336.2004321090244,16.16402701262165
mongla,daily,WS10M,Wind speed at 10 m,m/s,1461,0.8677275838466804,2.550368754277892,1.6826411704312114,1.6931014715947983,1.8241207555541932,0.7043686693866238,0.7437640484568315,0.5531849597768961,-2.613297069270846,-0.956555807839272,193.91352790376652,1.0469908067377949
mymensingh,daily,T2M,Temperature at 2 m,deg C,1461,25.511533196440794,25.29986909650924,-0.21166409993155383,1.177822553045859,1.434809968156439,1.419111677607244,0.9504343098268604,0.9033253772960604,0.897953846939671,0.9493175874450225,-0.8296800443224003,1.0065660035378146
mymensingh,daily,RH2M,Relative humidity at 2 m,%,1461,81.93976728268309,76.99555954825462,-4.944207734428473,8.767997946611912,11.86686723372103,10.787833323776349,0.6441721774451981,0.41495779419448775,-2.163623243073174,-0.12803963216623648,-6.033953839985298,2.068746514632604
mymensingh,daily,PRECTOTCORR,Precipitation,mm / 3h,1461,5.139356605065024,201.99327857631758,196.85392197125253,196.85611225188225,416.7716388556385,367.3515106256551,0.6550854600925096,0.42913696002461493,-774.6002239355355,-44.30392347399572,3830.3222970993256,25.19069296510942
mymensingh,daily,WS10M,Wind speed at 10 m,m/s,1461,0.9002395619438741,2.530029945242984,1.6297903832991103,1.7004132443531828,1.9227001356763826,1.0200779961530977,0.6076608057870941,0.36925165488982054,-1.6909202127989484,-0.8527791536012717,181.03963124881204,0.9635892813414718
patuakhali,daily,T2M,Temperature at 2 m,deg C,1461,26.361045516769334,25.788406913073235,-0.5726386036960988,1.004317248459959,1.2015656219947444,1.0563356348796529,0.9686922642164758,0.9383647027528426,0.9141088849512746,0.9464693901626432,-2.172290940933356,1.0375961045383992
patuakhali,daily,RH2M,Relative humidity at 2 m,%,1461,84.38468025814022,80.10015913757701,-4.284521120563215,6.149829128776768,8.346939721019558,7.1633987375952906,0.7012987843666698,0.49181998495416884,-0.2539938122395733,0.5402250686888093,-5.077368436375519,1.3458216364218853
patuakhali,daily,PRECTOTCORR,Precipitation,mm / 3h,1461,6.712525667351129,221.84903490759757,215.13650924024637,215.13664613278578,455.0962280027909,401.03473557073534,0.7526073755238425,0.5664178616928861,-517.4915901002319,-36.67748336830161,3205.0009177118377,20.807283044492145
patuakhali,daily,WS10M,Wind speed at 10 m,m/s,1461,1.0320841889117043,3.320417522245037,2.2883333333333336,2.3217060232717315,2.629355267069369,1.2950056664049738,0.5630760227790141,0.31705460742863284,-3.3027565647613306,-1.265760789966817,221.7196385642046,1.163736321493738
rajshahi,daily,T2M,Temperature at 2 m,deg C,1461,25.7834787816564,25.726188398357294,-0.057290383299110306,1.2461729979466118,1.532060991569006,1.5309894493003036,0.9581910882752863,0.9181301616501776,0.9111631478249839,0.9414616855695664,-0.22219803535537427,1.0409122470668604
rajshahi,daily,RH2M,Relative humidity at 2 m,%,1461,79.92051676933607,71.53259839151266,-8.387918377823409,10.549181211498972,14.530633022972447,11.865164193354836,0.795357482900413,0.6325935256056807,-1.5832545643488247,0.013400333000676001,-10.495325502001368,1.9594191770957188
rajshahi,daily,PRECTOTCORR,Precipitation,mm / 3h,1461,3.3441478439425047,106.62275154004107,103.27860369609854,103.31874058863791,224.5503678439125,199.39006423947166,0.621378264454381,0.38611094753633873,-426.62328103509003,-34.731332406962665,3088.338450202628,18.96667255944283
rajshahi,daily,WS10M,Wind speed at 10 m,m/s,1461,1.6368069815195072,2.748507871321013,1.1117008898015057,1.1617299794661191,1.3899950142465944,0.8343903590316287,0.7380543105745854,0.5447241653577265,-1.1932216309149823,0.2060729140232873,67.91887512414407,1.3168711312600299
rangamati,daily,T2M,Temperature at 2 m,deg C,1461,26.058632785763177,24.633518138261465,-1.425114647501711,1.5555150581793293,1.7733443886740918,1.0553665535338719,0.9617068534205664,0.9248800719160868,0.7877444272911909,0.91904604382236,-5.468877278474507,0.9542144555874259
rangamati,daily,RH2M,Relative humidity at 2 m,%,1461,73.45396988364134,75.52452943189596,2.0705595482546197,10.007277549623545,11.79760004594999,11.614480186445315,0.5850068610616193,0.3422330274891687,-1.0459589660416815,0.15444892297861856,2.8188531559759116,1.7361675931298473
rangamati,daily,PRECTOTCORR,Precipitation,mm / 3h,1461,6.251129363449693,198.86782340862425,192.61669404517454,192.6168309377139,417.0852767935269,369.9445056938142,0.7522261639407193,0.5658442017169699,-643.5223942694089,-37.01373994108496,3081.3103176428076,23.260631282005463
rangamati,daily,WS10M,Wind speed at 10 m,m/s,1461,0.6397159479808351,1.33673083504449,0.697014887063655,0.7247236481861739,0.8266210538957187,0.4443789080900543,0.29972125518352744,0.08983283080878918,-3.1721655982620423,-0.30463701663309317,108.95693459943828,0.8433920021297213
rangpur,daily,T2M,Temperature at 2 m,deg C,1400,25.375044642857144,25.13312767857143,-0.24191696428571435,1.430624107142857,1.7376263953898021,1.720703830514171,0.9379267460818248,0.8797065810156398,0.8725496103672981,0.9368750875587937,-0.9533656696592725,1.0063855390305931
rangpur,daily,RH2M,Relative humidity at 2 m,%,1431,79.34442697414396,74.81055642907059,-4.533870545073375,9.87695754716981,13.198117442243838,12.394931298711464,0.6206592062129945,0.3852178502569445,-1.604547958477776,0.005312792883436557,-5.714163827222335,1.9177352751997496
rangpur,daily,PRECTOTCORR,Precipitation,mm / 3h,1461,5.075770020533881,151.95349760438057,146.87772758384668,146.8794250513347,305.9359656866385,268.3724058848475,0.6900731146898629,0.4762009036177686,-412.6760266309476,-32.82747650217883,2893.7033590894994,18.517140143032425
rangpur,daily,WS10M,Wind speed at 10 m,m/s,1400,1.0019642857142856,2.7021651785714287,1.7002008928571428,1.715074107142857,1.9313278674200334,0.9161573311396839,0.5400968730579341,0.29170463228695814,-5.494358829672845,-0.8047871195711795,169.6867759757619,1.407903746849798
sandwip,daily,T2M,Temperature at 2 m,deg C,1461,26.354209445585216,26.317822553045854,-0.03638689253935655,0.7699118754277893,0.9768453579746622,0.9761674279794298,0.968130592950656,0.9372768450069887,0.9369198614252806,0.9421297247220873,-0.13806861713870147,0.9517153920927098
sandwip,daily,RH2M,Relative humidity at 2 m,%,1461,83.29902464065708,78.72710044490076,-4.571924195756331,5.90866101984942,7.52220399114306,5.973362707271877,0.7148189904344787,0.5109661890857674,-0.20250215076383316,0.6272222469200868,-5.488568702309678,1.2337147969951872
sandwip,daily,PRECTOTCORR,Precipitation,mm / 3h,1461,8.38062970568104,235.65045174537988,227.26982203969882,227.28641341546881,470.68335169354003,412.1786573216866,0.7305375142821502,0.5336850597735427,-425.27225427016737,-31.43828476158985,2711.8466036703394,18.79771075332295
sandwip,daily,WS10M,Wind speed at 10 m,m/s,1461,1.2252737850787132,4.0987132101300485,2.873439425051335,2.8768069815195068,3.13566817029959,1.2552930911905134,0.7530188390519348,0.5670373719671237,-3.7816162466321668,-1.381141889856608,234.51407024649117,1.3303817358889887
satkhira,daily,T2M,Temperature at 2 m,deg C,1461,26.644184511586975,26.134822895277207,-0.5093616163097683,1.3924788549916887,1.6651067756290794,1.5852858789745683,0.9408889994073059,0.8852721092056812,0.8664633429273573,0.9346288505446546,-1.9117177937581764,1.0203423277366788
satkhira,daily,RH2M,Relative humidity at 2 m,%,1461,78.8788501026694,75.67624315537303,-3.2026069472963723,8.520437200547569,11.525127893455894,11.071218618636527,0.7032277870765596,0.4945293205165951,-1.350636903839813,-0.0372471979150546,-4.060159273528749,1.9930556449094454
satkhira,daily,PRECTOTCORR,Precipitation,mm / 3h,1461,4.660506502395619,150.49915811088297,145.83865160848734,145.8392128678987,322.89632044864567,288.0852676835328,0.7319744224920692,0.5357865551825983,-604.1960801040773,-37.06410429017935,3129.2446761639007,22.669955546180514
satkhira,daily,WS10M,Wind speed at 10 m,m/s,1461,0.6617898699520877,2.550368754277892,1.8885788843258042,1.9505826488706361,2.1454665129575217,1.01798642225759,0.47760892709770303,0.228110287243419,-3.7258715806026377,-1.9012191791020592,285.3744020685197,1.0180376424485171
sitakunda,daily,T2M,Temperature at 2 m,deg C,1461,26.083872347707054,24.414526009582477,-1.6693463381245721,1.7723887748117728,2.065930700965297,1.217108238646443,0.9590921741121897,0.9198577984432469,0.7339330032570661,0.897003256963504,-6.399917603765297,1.0695628084809696
sitakunda,daily,RH2M,Relative humidity at 2 m,%,1461,70.51848049281314,80.03417008898015,9.51568959616701,12.767313483915125,14.49450755485628,10.93354474848778,0.4637922932317351,0.21510329126115174,-2.4716525617033787,0.21665711148236988,13.49389483390357,1.5548863454930368
sitakunda,daily,PRECTOTCORR,Precipitation,mm / 3h,1461,7.710746064339493,172.07038329911018,164.35963723477067,164.4831279945243,355.8028255842032,315.5654612624099,0.5739121860355803,0.3293751972801385,-250.985853054888,-24.303899894093014,2131.565945283789,14.628956714133116
sitakunda,daily,WS10M,Wind speed at 10 m,m/s,1461,0.43959616700889803,1.1891692334017794,0.7495730663928816,0.8643249486652977,0.9710322975243341,0.6172875674867908,0.3680266251748028,0.13544359683755477,-1.2280363922274504,-0.8715924464085059,170.5140132347217,0.5573205809794817
srimangal,daily,T2M,Temperature at 2 m,deg C,1461,24.977156057494867,24.990962525667356,0.013806468172484527,0.9154936687200548,1.176391401057575,1.1763103799247911,0.9657045868059452,0.9325853489780414,0.9320976240309513,0.9635194693123285,0.055276381909547444,0.9875763046856623
srimangal,daily,RH2M,Relative humidity at 2 m,%,1461,81.63802923633519,78.48643138261465,-3.1515978537205442,6.3766154541898885,8.600758025017129,8.00252894860872,0.719042057686969,0.5170214807227105,-0.5123453270737686,0.31088638308886063,-3.860453128525353,1.6280524674163983
srimangal,daily,PRECTOTCORR,Precipitation,mm / 3h,1461,6.547159479808351,244.35249144421627,237.8053319644079,237.80605749486654,469.57066343974725,404.9015090766421,0.6731614185456516,0.4531462954183939,-784.2923750512139,-42.44014568994298,3632.1909172643063,24.825581801068633
srimangal,daily,WS10M,Wind speed at 10 m,m/s,1461,0.9182922655715263,1.9934000684462698,1.0751078028747434,1.1281262833675565,1.2691797204896247,0.6745075055920163,0.5981987177953344,0.3578417059719821,-1.8272961274852602,-0.23781411558329313,117.07686574117209,0.9936545151254312
sydpur,daily,T2M,Temperature at 2 m,deg C,1461,25.571132785763172,24.886149041752223,-0.6849837440109514,1.4881254277891853,1.8006081543670842,1.6652288119096357,0.9454709460450936,0.8939153098154043,0.866956075281501,0.9307422526371962,-2.6787383638800653,1.033251374743619
sydpur,daily,RH2M,Relative humidity at 2 m,%,1461,77.48092060232717,73.45489647501712,-4.026024127310062,10.99596081451061,14.328987181184889,13.751763645615721,0.698368235851055,0.48771819284571477,-2.3866389346259385,-0.348192202809094,-5.1961490596810735,2.3129891462105046
sydpur,daily,PRECTOTCORR,Precipitation,mm / 3h,1461,4.9214236824093085,168.12761122518822,163.2061875427789,163.25041752224502,346.807109552471,306.0047574530352,0.6825061684828002,0.4658146700170725,-506.40945987442393,-37.4946437506703,3316.239325748936,20.54462761460531
sydpur,daily,WS10M,Wind speed at 10 m,m/s,1461,2.9903319644079396,2.5305869267624916,-0.45974503764544833,1.384876796714579,1.7416523563432287,1.6798772070351768,0.40697832202262807,0.16563135459635395,0.07571304552889146,0.2496308305786895,-15.374381276644446,0.5667079277173814
sylhet,daily,T2M,Temperature at 2 m,deg C,1461,25.51698323066393,24.487035420944554,-1.0299478097193702,1.5139262491444216,1.7669078554020636,1.4356778464320579,0.9427564418732917,0.8887897086935892,0.7870793039882742,0.8661044565034925,-4.036322791017377,1.1141139844799517
sylhet,daily,RH2M,Relative humidity at 2 m,%,1461,78.39074264202601,79.07959360027378,0.6888509582477758,4.7829098220396995,6.098117915255412,6.0590862731669475,0.8212982473801185,0.6745308111496543,0.6160936156050063,0.8134874490399504,0.8787401866996426,1.0526820353121977
sylhet,daily,PRECTOTCORR,Precipitation,mm / 3h,1461,2.493223819301848,329.700629705681,327.2074058863792,327.2074058863792,668.0202470236502,582.3970844420884,0.4043452812739731,0.16349510648852844,-6114.186093754901,-146.61531559251517,13123.868116180749,68.57466359400799
sylhet,daily,WS10M,Wind speed at 10 m,m/s,1461,2.5710130047912387,2.388098049281314,-0.18291495550992473,0.8902079055441479,1.1486149056345767,1.133956930618059,0.1923038117376859,0.03698075600884334,-0.2524442503457254,0.1354253176372624,-7.11450915141431,0.6999089724723495
tangail,daily,T2M,Temperature at 2 m,deg C,1461,26.00116358658453,25.45351214921287,-0.547651437371663,1.1463389801505817,1.3959290568840461,1.2840155119771466,0.9636685537700682,0.9286570815252948,0.9144411542562991,0.9578172381232198,-2.1062574201649475,0.9960276729245028
tangail,daily,RH2M,Relative humidity at 2 m,%,1461,77.30022245037645,75.98104808350445,-1.3191743668720057,8.371299623545516,10.375382437050193,10.291177760822007,0.7324763937149379,0.5365216673496407,-0.6496470815504412,0.14747995317150875,-1.7065595997719942,1.8092776505983164
tangail,daily,PRECTOTCORR,Precipitation,mm / 3h,1461,4.952498288843258,167.09648870636548,162.14399041752225,162.179363449692,354.0899727357325,314.7841088166209,0.6556917800214869,0.4299317103877459,-502.92769456206497,-37.158765615055415,3273.9837746696885,20.59785369458483
tangail,daily,WS10M,Wind speed at 10 m,m/s,1461,0.617299794661191,2.704599589322382,2.087299794661191,2.089147843942505,2.2553575308528524,0.8542933683355063,0.6796251914386815,0.4618904008380645,-10.597553636434283,-2.4763093592612284,338.1338877338877,1.7406984136091899
teknaf,daily,T2M,Temperature at 2 m,deg C,1094,26.55959780621572,25.08175159963437,-1.477846206581353,1.6757826782449727,2.050455535497108,1.4213861166987094,0.9335323533941452,0.8714826548336112,0.5274408979779449,0.7377781297868496,-5.564264253412353,1.24747981231725
teknaf,daily,RH2M,Relative humidity at 2 m,%,1247,80.18825180433039,80.90751503608661,0.7192632317562146,7.4114945870088205,9.548386344694066,9.521257384977245,0.6678767831405648,0.44605939745818896,-0.6843062796880139,0.20107918002735437,0.8969683408378937,1.7265591443153534
teknaf,daily,PRECTOTCORR,Precipitation,mm / 3h,1461,3.8880903490759753,321.89503080082136,318.0069404517454,318.0069404517454,726.3014168727768,652.9818787500333,0.3826670954836035,0.14643410596585732,-2477.116188418576,-91.9371307904991,8179.000792183787,45.128491746274705
teknaf,daily,WS10M,Wind speed at 10 m,m/s,1461,0.43711498973305957,1.4897980835044489,1.0526830937713896,1.165720396988364,1.4394548280222257,0.9817782366728199,0.3619996809402559,0.13104376900084708,-0.868966465015963,-1.5664378064705038,240.8252104129967,0.38365560737977955
