YEAR,MO,DY,HR,T2M,RH2M,PRECTOTCORR,WS10M
2021,1,1,0,9.4,97.3408,0,0.1
2021,1,1,3,15.6,90.1961,0,0.1
2021,1,1,6,22.2,49.0345,0,0.3
2021,1,1,9,24,43.9722,0,0.3
2021,1,1,12,18.6,79.5632,0,0.1
2021,1,1,15,14.5,90.7079,0,0
2021,1,1,18,11.8,94.8402,0,0
2021,1,1,21,10,100,0,0
2021,1,2,0,9.4,100,0,0.1
2021,1,2,3,16.5,79.787,0,0.2
2021,1,2,6,22.6,51.1289,0,0.4
2021,1,2,9,24.8,44.7802,0,0.3
2021,1,2,12,19,77.5977,0,0
2021,1,2,15,15,87.8286,0,0
2021,1,2,18,13,93.6455,0,0.2
2021,1,2,21,11.1,92.9293,0,0
2021,1,3,0,9.3,91.5783,0,0.2
2021,1,3,3,16,82.372,0,0.2
2021,1,3,6,22,49.6363,0,0.2
2021,1,3,9,25.2,40.9243,0,0.2
2021,1,3,12,20.3,67.0959,0,0
2021,1,3,15,15,87.8286,0,0
2021,1,3,18,13,93.6455,0,0.2
2021,1,3,21,11.2,92.3147,0,0
2021,1,4,0,11,93.5484,0,0.2
2021,1,4,3,16.4,70.3797,0,0.2
2021,1,4,6,22,46.4339,0,0.2
2021,1,4,9,25.3,40.6812,0,0.2
2021,1,4,12,19.5,80.1995,0,0
2021,1,4,15,15.8,94.9944,0,0
2021,1,4,18,14,93.6933,0,0
2021,1,4,21,12.8,94.8794,0,0
2021,1,5,0,11.7,95.4686,0,0.1
2021,1,5,3,18.2,62.8052,0,0.2
2021,1,5,6,24,43.9722,0,0.3
2021,1,5,9,26,34.1335,0,0.1
2021,1,5,12,19.3,71.3921,0,0.2
2021,1,5,15,15.8,94.9944,0,0
2021,1,5,18,14.2,92.4861,0,0
2021,1,5,21,13.6,96.1609,0,0
2021,1,6,0,12.7,95.5031,0,0.1
2021,1,6,3,18.5,85.367,0,0.2
2021,1,6,6,25.1,43.9853,0,0.2
2021,1,6,9,26.6,40.2413,0,0.2
2021,1,6,12,22.5,85.773,0,0
2021,1,6,15,17.5,90.9109,0,0
2021,1,6,18,15.8,94.9944,0,0
2021,1,6,21,14.2,92.4861,0,0
2021,1,7,0,12.6,96.1315,0,0.1
2021,1,7,3,15.4,91.3606,0,0.1
2021,1,7,6,22.5,71.0693,0,0.1
2021,1,7,9,25,61.1327,0,0.1
2021,1,7,12,21,82.9759,0,0
2021,1,7,15,17.5,96.8854,0,0
2021,1,7,18,16,,0,0
2021,1,7,21,14.2,98.7116,0,0
2021,1,8,0,13.1,99.3484,0,0
2021,1,8,3,16.5,96.8617,0,0.2
2021,1,8,6,22.5,71.0693,0,0.2
2021,1,8,12,22,78.0446,0,0
2021,1,8,15,17.5,96.8854,0,0
2021,1,8,18,15.4,91.3606,0,0
2021,1,8,21,14.2,98.7116,0,0
2021,1,9,0,13.3,98.0594,0,0
2021,1,9,3,15,98.7195,0,0
2021,1,9,6,22.5,66.6868,0,0.2
2021,1,9,9,24.4,55.765,0,0.2
2021,1,9,12,21.5,80.4678,0,0.1
2021,1,9,15,17.5,96.8854,0,0
2021,1,9,18,14.7,95.5711,0,0
2021,1,9,21,13.9,94.3035,0,0
2021,1,10,0,13.8,100,0,0
2021,1,10,3,16.3,92.0087,0,0.1
2021,1,10,6,18.8,89.2843,0,0.1
2021,1,10,9,22.5,75.703,0,0.2
2021,1,10,12,19.7,89.9178,0,0
2021,1,10,15,17.2,92.652,0,0
2021,1,10,18,15.7,100,0,0
2021,1,10,21,14.8,100,0,0
2021,1,11,0,15.2,100,0,0.1
2021,1,11,3,15.7,100,0,0
2021,1,11,6,20.2,76.7911,0,0
2021,1,11,9,22.5,75.703,0,0.1
2021,1,11,12,19.5,91.0426,0,0.1
2021,1,11,18,16.5,90.844,0,0
2021,1,11,21,16,93.7872,0,0
2021,1,12,0,15.3,98.0891,0,0.2
2021,1,12,3,17.4,97.4995,0,0
2021,1,12,6,17.7,95.6701,0,0.2
2021,1,12,9,19.3,81.2042,0,0.1
2021,1,12,12,17,88.0038,0,0
2021,1,12,15,13,93.6455,0,0
2021,1,12,18,11.1,92.9293,0,0
2021,1,12,21,9.3,100,0,0
2021,1,13,0,10.1,100,0,0.2
2021,1,13,3,12.4,100,0,0
2021,1,13,6,14.4,85.495,0,0.2
2021,1,13,9,19.4,62.2502,0,0
2021,1,13,12,16.4,85.7016,0,0
2021,1,13,15,13,93.6455,0,0
2021,1,13,18,11.3,91.7047,0,0
2021,1,13,21,10,100,0,0
2021,1,14,0,8.1,100,0,0
2021,1,14,3,11.1,92.9293,0,0
2021,1,14,6,17.4,66.0526,0,0.2
2021,1,14,9,20.8,43.6689,0,0.1
2021,1,14,12,15.7,83.9681,0,0
2021,1,14,15,12.5,96.7644,0,0
2021,1,14,18,11,93.5484,0,0
2021,1,14,21,10.1,92.8753,0,0
2021,1,15,0,9.2,98.6604,0,0
2021,1,15,3,12.9,94.2602,0,0.1
2021,1,15,6,20.4,66.6825,0,0.1
2021,1,15,9,21.5,66.4802,0,0.2
2021,1,15,12,17.6,84.7262,0,0.1
2021,1,15,15,14.5,96.8136,0,0
2021,1,15,18,12,100,0,0.1
2021,1,15,21,11.2,98.6812,0,0.1
2021,1,16,0,12.4,100,0,0.3
2021,1,16,3,11.7,100,0,0.4
2021,1,16,6,13,93.6455,0,0.2
2021,1,16,9,14.1,87.1723,0,0
2021,1,16,12,13.2,92.4296,0,0
2021,1,16,15,12.6,96.1315,0,0
2021,1,16,18,12.2,100,0,0
2021,1,16,21,11.4,100,0,0
2021,1,17,0,12,100,0,0.1
2021,1,17,3,12.7,100,0,0.2
2021,1,17,6,15,93.7405,0,0.2
2021,1,17,9,18.8,78.5736,0,0.1
2021,1,17,12,16.5,96.8617,0,0
2021,1,17,15,13.1,99.3484,0,0
2021,1,17,18,12.2,100,0,0.2
2021,1,18,0,13.8,100,0,0.2
2021,1,18,3,15.1,100,0,0.2
2021,1,18,6,22,60.4423,0,0.4
2021,1,18,9,24.6,55.1009,0,0.2
2021,1,18,12,18,77.4458,0,0
2021,2,22,6,28,45.0687,0,0
2021,2,22,9,30.7,31.7122,0,0.2
2021,2,22,12,25,61.1327,0,0
2021,2,22,15,19,82.738,0,0
2021,2,22,18,17,82.4952,0,0
2021,2,22,21,15.2,86.7057,0,0
2021,2,23,0,13,93.6455,0,0
2021,2,23,3,19,82.738,0,0.2
2021,2,23,6,27,41.9715,0,0.2
2021,2,23,9,29.4,27.9767,0,0.2
2021,2,23,12,25,50.4316,0,0
2021,2,23,15,17,88.0038,0,0
2021,2,23,18,15.2,86.7057,0,0
2021,2,23,21,13.1,93.0354,0,0
2021,2,24,0,13.2,92.4296,0,0
2021,2,24,3,19.4,86.0035,0,0
2021,2,24,6,26.2,50.0968,0,0.2
2021,2,24,12,24,69.1387,0,0.2
2021,2,24,15,19.3,86.5408,0,0
2021,2,24,18,17,93.8334,0,0
2021,2,24,21,16,93.7872,0,0
2021,2,25,0,15.8,94.9944,0,0.2
2021,2,25,3,20.6,90.5469,0,0.2
2021,2,25,6,26.5,63.4254,0,0.2
2021,2,25,9,28.1,50.9143,0,0
2021,2,25,12,26.7,75.4355,0,0
2021,2,25,15,20.7,89.9903,0,0
2021,2,25,18,18,93.8791,0,0
2021,2,26,0,16.5,96.8617,0,0
2021,2,26,6,26.4,56.2567,0,0.4
2021,2,26,12,24.6,42.4175,0,0.1
2021,2,26,18,20.5,80.3343,0,0
2021,2,27,0,17.2,92.652,0,0
2021,2,27,6,26,69.5214,0,0.2
2021,2,27,12,26.2,68.7031,0,0
2021,2,27,18,20,88.2598,0,0
2021,2,28,0,18,93.8791,0,0.2
2021,2,28,3,23,73.4401,0,0.4
2021,2,28,6,25.8,66.1078,0,0.2
2021,2,28,9,29,58.3156,0,0.2
2021,2,28,12,26.8,66.3127,0,0
2021,2,28,15,22.2,77.0983,0,0.2
2021,2,28,18,21,82.9759,0,0.2
2021,2,28,21,19,93.9243,0,0.2
2021,3,1,0,17.2,92.652,0,0.2
2021,3,1,3,21,82.9759,0,0.2
2021,3,1,6,28,58.08,0,0
2021,3,1,9,29.2,54.1677,0,0
2021,3,1,12,26.5,63.4254,0,0
2021,3,1,15,20.5,85.572,0,0
2021,3,1,18,19.6,90.4783,0,0
2021,3,1,21,17,88.0038,0,0
2021,3,2,0,14.5,96.8136,0,0.1
2021,11,30,12,22.2,72.3792,0,0
2021,11,30,15,17.5,90.9109,0,0
2021,11,30,18,15.5,96.8378,0,0
2021,11,30,21,15,93.7405,0,0
2021,12,1,0,14.4,91.2963,0,0
2021,12,1,3,21,68.5523,0,0.1
2021,12,31,21,13,100,0,0
2022,1,1,0,12,100,0,0
2022,1,1,3,13.5,96.7892,0,0.1
2022,1,1,6,20.5,70.6972,0,0.1
2022,1,1,9,23.4,48.7101,0,0.1
2022,1,1,12,18.3,81.0741,0,0
2022,1,1,15,15.7,89.6201,0,0.2
2022,1,1,18,14.2,98.7116,0,0.2
2022,10,24,18,20,93.969,0.9,0.3
2022,10,25,0,19.7,100,1.3,0
2022,10,25,6,23,88.5078,0.3,0
2022,10,25,12,24.2,87.5306,0,0.1
2022,10,25,18,22.4,91.7917,0.1,0
2022,10,26,0,21.9,100,0,0.1
2022,10,26,6,27.4,68.0921,0,0.1
2022,10,26,12,25.5,91.4213,0,0.1
2022,10,26,18,21.7,100,0,0.1
2022,10,27,0,22,100,0,0.1
2022,10,27,6,25.8,84.5468,0,0.1
2022,10,27,12,26,88.7482,0,0
2022,10,27,18,21,94.0132,0,0
2022,10,28,0,20.6,96.3583,0,0
2022,10,28,6,27.5,71.9715,0,0.2
2022,10,28,12,23.8,95.2829,0,0
2022,10,28,18,20,93.969,0,0
2022,10,29,0,19,93.9243,0,0.2
2022,10,29,6,28.8,66.7178,0,0.4
2022,10,29,12,23.8,95.2829,0,0
2022,10,29,18,20.5,96.9548,0,0.2
2022,10,30,0,22.4,97.5916,0,0
2022,10,30,6,28.6,67.4971,0,0.4
2022,10,30,12,25.5,91.4213,0,0
2022,10,30,18,24.3,92.4619,0,0.1
2022,10,31,0,19.8,95.1418,0,0.4
2022,10,31,6,28.8,66.7178,0,0.3
2022,10,31,12,27,83.6618,0,0
2022,10,31,18,21.5,96.9774,0,0
2022,11,1,0,20.5,91.1074,0,0
2022,11,1,6,29.3,60.9614,0,0.2
2022,11,1,12,26,88.7482,0,0.1
2022,11,1,18,22.2,92.9166,0,0
2022,11,2,0,19.9,94.5534,0,0
2022,11,2,6,28,61.8076,0,0
2022,11,2,12,24.5,91.3599,0,0
2022,11,2,18,20.6,100,0,0
2022,11,3,0,18.6,100,0,0
2022,11,3,6,28.7,59.3393,0,0.3
2022,11,3,12,24.5,91.3599,0,0
2022,11,3,18,21.2,92.8648,0,0
2022,11,4,0,18.6,100,0,0
2022,11,4,6,28.4,60.3833,0,0
2022,11,4,12,25.4,76.6303,0,0
2022,11,4,18,20.3,92.2402,0,0
2022,11,5,0,19.5,96.9319,0,0.2
2022,11,5,6,28.7,63.118,0,0.2
2022,11,5,12,26.5,81.1162,0,0.1
2022,11,5,18,20.4,91.6718,0,0
2022,11,6,0,19,93.9243,0,0.1
2022,11,6,6,29,62.0291,0,0.2
2022,11,6,12,25.5,91.4213,0,0
2022,11,6,18,24.3,92.4619,0,0.1
2022,11,7,0,20.4,91.6718,0,0.2
2022,11,7,6,29,62.0291,0,0.2
2022,11,7,12,24.2,87.5306,0,0
2022,11,7,18,20.5,96.9548,0,0
2022,11,8,0,18.6,98.7542,0,0.1
2022,11,8,6,28.8,66.7178,0,0.1
2022,11,8,12,23.6,90.7486,0,0
2022,11,8,18,19.6,100,0,0
2022,11,9,0,18.2,98.7504,0,0
2022,11,9,6,28.2,57.4064,0,0.2
2022,11,9,12,23.5,91.2978,0,0
2022,11,9,18,19.5,96.9319,0,0
2022,11,10,0,17.8,100,0,0
2022,11,10,6,27.2,64.7712,0,0.2
2022,11,10,12,24.7,90.2726,0,0
2022,11,10,18,19.5,96.9319,0,0
2022,11,11,0,17.8,,0,0
2022,11,12,0,17.5,,0,0
2022,11,12,3,22.4,86.2963,0,0
2022,11,12,6,28,61.8076,0,0
2022,11,12,12,23.3,92.4073,0,0
2022,11,12,18,19.5,,0,0
2022,11,13,0,17,100,0,0
2022,11,13,6,23.1,87.9734,0,0.1
2022,11,13,12,21.8,95.2131,0,0
2022,11,13,18,21,94.0132,0,0.1
2022,11,14,0,16.6,100,0,0.1
2022,11,14,6,26.4,59.9246,0,0.2
2022,11,14,18,18.1,93.2905,0,0
2022,11,15,0,15.3,91.9492,0,0
2022,11,15,6,,,,
2022,11,15,12,23,88.5078,0,0
2022,11,15,18,18,93.8791,0,0
2022,11,16,0,15.1,93.1391,0,0
2022,11,16,6,27.3,50.0636,0,0
2022,11,16,12,21.8,89.5129,0,0
2022,11,16,18,18,93.8791,0,0
2022,11,17,0,15.6,98.7254,0,0
2022,11,17,6,27.7,59.1071,0,0
2022,11,17,12,22.2,87.3539,0,0
2022,11,17,18,18.1,93.2905,0,0
2022,11,18,0,16.4,97.4805,0,0.1
2022,11,18,12,21.7,84.6304,0,0
2022,11,18,18,16.8,100,0,0.1
2022,11,19,0,15.4,91.3606,0,0.1
2022,11,19,3,26.9,51.2543,0,0.2
2022,11,19,12,20.4,86.1021,0,0.1
2022,11,19,18,15.4,97.4612,0,0.1
2022,11,20,0,20,93.969,0,0
2022,11,20,6,26.3,53.1004,0,0.2
2022,11,20,12,25.2,82.4483,0,0
2022,11,20,18,15.7,95.6044,0,0
2022,11,21,0,13.2,98.7016,0,0.1
2022,11,21,6,26.3,46.6841,0,0.2
2022,11,21,12,21,94.0132,0,0
2022,11,21,18,16.5,96.8617,0,0
2022,11,22,0,13.5,99.3504,0,0
2022,11,22,6,26.8,51.5569,0,0
2022,11,22,12,21.1,82.4673,0,0
2022,11,22,18,16.3,92.0087,0,0
2022,11,23,0,14,100,0,0
2022,11,23,6,26.4,49.508,0,0.2
2022,11,23,12,21.4,86.1997,0,0
2022,11,23,18,,,,
2022,11,24,0,14.3,100,0,0
2022,11,24,6,27,47.788,0,0
2022,11,24,12,21.7,84.6304,0,0
2022,11,24,18,16.6,100,0,0
2022,11,24,21,,,,
2022,11,25,0,14.3,91.8891,0,0.1
2022,11,25,6,26.9,54.6226,0,0.2
2022,11,25,12,22.2,82.0856,0,0
2022,11,25,18,15,93.7405,0,0
2022,11,26,0,14.5,100,0,0.1
2022,11,26,6,27.2,60.8649,0,0.2
2022,11,26,12,21.5,91.1715,0,0
2022,11,26,18,17,100,0,0
2022,11,27,0,14.3,98.0743,0,0
2022,11,27,6,26.3,60.2797,0,0.1
2022,11,27,12,21.5,91.1715,0,0
2022,11,27,18,15.7,95.6044,0,0
2022,11,28,0,15.1,99.3584,0,0.1
2022,11,28,6,25.6,55.3496,0,0.2
2022,11,28,12,21,88.3433,0,0
2022,11,28,18,17,93.8334,0,0
2022,11,29,0,15,93.7405,0,0.3
2022,11,29,6,26.5,52.4769,0,0.5
2022,11,29,12,21.2,87.2641,0,0
2022,11,30,0,15.6,100,0,0.3
2022,11,30,6,27,44.7967,0,0.4
2022,11,30,12,21.5,91.1715,0,0
2022,11,30,18,16.5,96.8617,0,0
2022,12,1,0,14,100,0,0
2022,12,1,6,27.4,43.7569,0,0.1
2022,12,1,12,20.5,91.1074,0,0
2022,12,1,18,15.8,94.9944,0,0
2022,12,2,0,13.4,97.422,0,0
2022,12,2,6,26.2,50.0968,0,0.1
2022,12,2,12,21.5,91.1715,0,0
2022,12,2,18,16.7,95.6375,0,0.1
2022,12,3,0,13.8,100,0,0
2022,12,3,6,26.5,55.9255,0,0.1
2022,12,3,12,21.4,80.9625,0,0
2022,12,3,18,16,93.7872,0,0
2022,12,4,0,13.4,100,0,0
2022,12,4,6,26,54.0515,0,0.2
2022,12,4,12,21.3,76.4746,0,0
2022,12,4,18,24.3,92.4619,0,0.1
2022,12,5,0,13.8,100,0,0
2022,12,5,6,26.2,53.4154,0,0.2
2022,12,5,12,22.4,76.1649,0,0
2022,12,5,18,15.2,92.542,0,0
2022,12,6,0,13.5,96.7892,0,0
2022,12,6,6,26,47.5203,0,0.2
2022,12,6,12,20.3,86.6359,0,0
2022,12,6,18,16.2,98.7312,0,0
2022,12,7,0,13.4,97.422,0,0
2022,12,7,6,25.8,48.0871,0,0.1
2022,12,7,12,20.4,86.1021,0,0
2022,12,7,18,16.2,98.7312,0,0
2022,12,8,0,13.5,100,0,0.1
2022,12,8,6,25.4,46.138,0,0.2
2022,12,8,12,20,82.8575,0,0
2022,12,8,18,14.6,100,0,0
2022,12,9,0,12.4,97.402,0,0
2022,12,9,6,25,53.7991,0,0.2
2022,12,9,12,20.2,81.8377,0,0
2022,12,9,18,14.8,94.9565,0,0
2022,12,10,0,12.4,97.402,0,0
2022,12,10,6,25.7,55.0218,0,0.2
2022,12,10,12,22.8,74.336,0,0.1
2022,12,10,18,15,93.7405,0,0
2022,12,11,0,13,100,0,0
2022,12,11,6,26.5,52.4769,0,0.1
2022,12,11,12,20,82.8575,0,0
2022,12,11,18,16,93.7872,0,0
2022,12,12,0,13,100,0,0
2022,12,12,6,25.1,57.0217,0,0
2022,12,12,9,20.1,82.3458,0,0
2022,12,12,18,15,93.7405,0,0
2022,12,13,0,13,100,0,0
2022,12,13,6,24.4,55.765,0,0
2022,12,13,12,20.8,89.4375,0,0
2022,12,13,18,15.2,92.542,0,0
2022,12,14,0,12.8,100,0,0
2022,12,14,6,25,61.1327,0,0.2
2022,12,14,12,20.2,,0,0
2022,12,14,18,16,93.7872,0,0.2
2022,12,15,0,14.5,99.3554,0,0
2022,12,15,6,23.7,70.3987,0,0.1
2022,12,15,12,20.5,91.1074,0,0
2022,12,15,18,15.5,96.8378,0,0
2022,12,16,0,13.2,100,0,0
2022,12,16,6,22.5,71.0693,0,0.2
2022,12,16,12,19,93.9243,0,0
2022,12,16,18,15.6,100,0,0
2022,12,17,0,12,100,0,0
2022,12,17,6,24.2,60.1768,0,0.2
2022,12,17,12,20,88.2598,0,0
2022,12,17,18,15.6,100,0,0.1
2022,12,18,0,16,93.7872,0,0.2
2022,12,18,6,25.2,56.6828,0,0.4
2022,12,18,12,19.8,89.3613,0,0
2022,12,18,18,15.1,99.3584,0,0
2022,12,19,0,13.9,100,0,0
2022,12,19,6,25.2,53.1612,0,0.2
2022,12,19,12,19.8,89.3613,0,0
2022,12,19,18,15.2,92.542,0,0
2022,12,20,0,13.1,99.3484,0,0
2022,12,20,6,25.2,56.6828,0,0.1
2022,12,20,12,20.5,91.1074,0,0
2022,12,20,18,15.5,99.3604,0,0
2022,12,21,0,13.2,100,0,0
2022,12,21,6,25,53.7991,0,0.2
2022,12,21,12,20.4,86.1021,0,0
2022,12,21,18,15.3,91.9492,0,0
2022,12,22,0,13,100,0,0
2022,12,22,6,25.1,53.4791,0,0
2022,12,22,12,20,77.7481,0,0
2022,12,22,18,14.3,91.8891,0,0
2022,12,23,0,11.1,100,0,0
2022,12,23,6,19,68.1529,0,0
2022,12,23,12,16.7,89.6957,0,0
2022,12,23,18,13,100,0,0
2022,12,24,0,13.7,100,0,0
2022,12,24,6,20.8,78.8618,0,0
2022,12,24,12,19,88.1753,0,0
2022,12,24,18,14.5,100,0,0
2022,12,25,0,13.5,100,0,0
2022,12,25,6,23,56.8763,0,0.2
2022,12,25,12,18.6,90.4089,0,0
2022,12,25,18,15.4,97.4612,0,0
2022,12,26,0,15.4,97.4612,0,0
2022,12,26,6,22,73.2676,0,0.2
2022,12,26,12,17.8,95.0689,0,0
2022,12,26,18,13.7,100,0,0
2022,12,27,0,13,100,0,0
2022,12,27,6,23,53.2893,0,0.4
2022,12,27,12,18.4,75.5239,0,0.1
2022,12,27,18,13,100,0,0
2022,12,28,0,11.7,100,0,0
2022,12,28,6,16.7,95.6375,0,0.1
2022,12,28,12,17,88.0038,0,0
2022,12,28,18,14,93.6933,0,0
2022,12,29,0,12.1,100,0,0.2
2022,12,29,3,20,68.3535,0,0
2022,12,29,12,17.2,78.8511,0,0
2022,12,29,18,12.4,91.1656,0,0
2022,12,29,21,13.5,100,0,0
2022,12,30,0,10.4,100,0,0
2022,12,30,6,21.4,55.0146,0,0.2
2022,12,30,12,17.8,89.2064,0,0.1
2022,12,31,0,12,100,0,0.1
2022,12,31,6,18.7,79.0667,0,0.1
2022,12,31,12,16.5,96.8617,0,0
2023,1,1,0,13.3,98.0594,0,0
2023,1,1,6,19.3,76.1592,0,0.1
2023,1,1,12,17,93.8334,0,0
2023,1,1,18,11.8,100,0,0
2023,1,2,0,10,100,0,0
2023,1,2,6,22.4,51.7546,0,0.1
2023,1,2,12,18,88.09,0,0
2023,1,2,18,13.4,97.422,0,0.1
2023,1,3,0,13.8,100,0,0.1
2023,1,3,6,20.6,65.8643,0,0.1
2023,1,3,12,17.2,86.8957,0,0
2023,1,3,18,12.6,100,0,0
2023,1,4,0,12.4,97.402,0,0.2
2023,1,4,6,18.2,71.6548,0,0.2
2023,1,4,12,16.5,96.8617,0,0
2023,1,4,18,12.5,100,0,0.2
2023,1,5,0,11.4,97.3819,0,0.3
2023,1,5,6,17.5,74.8852,0,0.1
2023,1,5,12,19,77.5977,0,0
2023,1,5,18,12.3,98.0444,0,0
2023,1,6,0,11,100,0,0.1
2023,1,6,6,17,82.4952,0,0
2023,1,6,12,17.5,79.9258,0,0.2
2023,1,6,18,12.5,98.6945,0,0
2023,1,7,0,10.6,100,0,0.1
2023,1,7,6,17.5,74.8852,0,0.2
2023,1,7,12,18.4,70.7608,0,0
2023,1,7,18,12.3,91.7668,0,0
2023,1,8,0,9.2,100,0,0
2023,1,8,6,17.8,73.4811,0,0
2023,1,8,12,17.4,80.4324,0,0
2023,1,8,18,12.1,92.9826,0,0
2023,1,9,0,9.4,100,0,0
2023,1,9,6,23,56.8763,0,0.2
2023,1,9,12,20.5,80.3343,0,0
2023,1,9,18,12.3,98.0444,0,0
2023,1,10,0,8.2,100,0,0
2023,1,10,6,22.5,58.6288,0,0
2023,1,10,12,18.5,85.367,0,0.1
2023,1,10,18,,,,
2023,1,11,0,8.6,100,0,0
2023,1,11,6,13.2,92.4296,0,0.1
2023,1,11,12,15.7,95.6044,0,0.1
2023,1,11,18,11,100,0,0
2023,1,12,0,8.7,100,0,0
2023,1,12,6,21.4,62.7021,0,0
2023,1,12,12,18,88.09,0,0
2023,1,12,18,11.4,97.3819,0,0
2023,1,13,0,8.6,100,0,0
2023,1,13,6,22,49.6363,0,0.1
2023,1,13,12,17,82.4952,0,0
2023,1,13,18,11.6,100,0,0
2023,1,14,0,10,100,0,0
2023,1,14,6,21.2,59.4731,0,0.2
2023,1,14,12,17,88.0038,0,0
2023,1,14,18,11.1,99.3382,0,0
2023,1,15,0,9,100,0,0
2023,1,15,6,22.7,54.2677,0,0.1
2023,1,15,12,17.3,86.3476,0,0
2023,1,15,18,13.2,,0,0.1
2023,1,16,0,11.3,98.0291,0,0
2023,1,16,6,14.9,82.7791,0,0.1
2023,1,16,12,14,82.1218,0,0
2023,1,16,18,9.1,100,0,0
2023,1,17,0,8.8,100,0,0
2023,1,17,6,14,82.1218,0,0
2023,1,17,12,14,87.7396,0,0
2023,1,17,18,9,100,0,0
2023,1,18,0,7.8,100,0,0
2023,1,18,6,18,63.5999,0,0.2
2023,1,18,12,16,82.372,0,0
2023,1,18,18,9.5,99.3298,0,0
2023,1,19,0,8.2,100,0,0
2023,1,19,6,20,56.1331,0,0
2023,1,19,12,16.3,92.0087,0,0
2023,1,19,18,11.2,98.6812,0,0
2023,1,20,0,8.3,97.9824,0,0
2023,1,20,6,,,,
2023,1,20,12,17.3,86.3476,0,0
2023,1,20,18,11,100,0,0
2023,1,21,0,8,100,0,0
2023,1,21,6,12,100,0,0
2023,1,21,12,17.4,85.8033,0,0
2023,1,21,18,11.8,100,0,0
2023,1,22,0,9.2,100,0,0.1
2023,1,22,6,21.9,56.9772,0,0.1
2023,1,22,12,18.5,85.367,0,0
2023,1,23,0,10.2,98.6709,0,0
2023,1,23,6,21.8,57.3264,0,0
2023,1,23,12,18,88.09,0,0
2023,1,23,18,13.5,96.7892,0,0
2023,1,24,0,10.7,100,0,0
2023,1,24,12,19.7,84.4141,0,0
2023,1,24,18,13.2,98.7016,0,0
2023,1,25,0,10.9,100,0,0.1
2023,1,25,12,21,77.897,0,0
2023,1,25,18,13.4,97.422,0,0
2023,1,26,0,11.5,100,0,0
2023,1,26,6,24,57.1205,0,0.1
2023,1,26,12,23.4,63.1469,0,0
2023,1,26,18,13.6,98.7056,0,0
2023,1,27,0,12.5,100,0,0
2023,1,27,6,23,68.9449,0,0
2023,1,27,12,21.2,87.2641,0,0
2023,1,27,18,16.2,98.7312,0,0
2023,1,28,0,15.6,100,0,0.1
2023,1,28,6,18.6,90.4089,0,0.2
2023,1,28,12,18.1,87.5377,0,0.1
2023,1,28,18,15.3,98.0891,0,0
2023,1,29,0,14,100,0,0.1
2023,1,29,6,20,82.8575,0,0.2
2023,1,29,12,21.1,77.4196,0,0
2023,1,29,18,15.1,93.1391,0,0
2023,1,30,0,,,,
2023,1,30,6,26,54.0515,0,0.2
2023,1,30,12,23.3,76.7841,0,0
2023,1,30,18,16.2,92.5973,0,0
2023,1,31,0,15.1,93.1391,0,0
2023,1,31,6,25.2,64.3465,0,0.1
2023,1,31,9,26.8,62.3134,0,0.1
2023,1,31,12,22.9,83.7149,0,0.1
2023,1,31,18,18.4,85.9039,0,0.1
2023,2,1,0,15.9,100,0,0.1
2023,2,1,6,23.8,65.6927,0,0.1
2023,3,22,6,27,61.5844,0,0.1
2023,3,23,6,28.6,52.6779,0,0.1
2023,3,23,12,27.5,49.48,0,0.2
2023,3,23,18,20,88.2598,0,0
2023,3,24,0,19,93.9243,0,0.1
2023,3,24,6,24,78.3355,0,0.2
2023,3,24,12,24.5,97.0437,0,0.2
2023,3,24,18,,,,
2023,3,25,0,18.7,89.8446,0,0.3
2023,3,25,6,26.6,63.0523,0,0.5
2023,3,25,12,27,65.5369,0,0.1
2023,3,25,18,22.4,86.2963,0,0.1
2023,3,26,0,20.2,92.8124,0,0.5
2023,3,26,6,29.2,61.315,0,0.2
2023,3,26,12,29,58.3156,0,0.2
2023,3,26,18,24.2,87.5306,0,0.2
2023,3,26,21,23.5,97.0218,0,0.1
2023,3,27,0,22.2,92.9166,0,0.1
2023,3,27,6,30.8,40.8767,0,0.2
2023,3,27,12,29,48.3188,0,0.1
2023,3,27,18,22.4,91.7917,0,0.1
2023,3,28,0,21,94.0132,0,0.1
2023,3,28,6,31.3,45.0976,0,0.2
2023,3,28,12,27,61.5844,0,0
2023,3,28,18,21.1,87.8019,0,0
2023,3,28,21,20.4,91.6718,0,0
2023,3,29,0,19.4,91.6109,0,0
2023,3,29,6,28.4,50.0321,0,0.2
2023,3,29,12,25.4,63.5846,0,0.2
2023,3,29,18,22.1,77.5698,0,0
2023,3,30,0,20.4,86.1021,0,0.3
2023,3,30,6,27.2,57.1669,0,0.2
2023,3,30,12,27,74.1149,0,0.1
2023,3,30,18,21.5,96.9774,0,0
2023,3,31,0,21,88.3433,0,0.1
2023,3,31,6,28,61.8076,0,0.1
2023,3,31,12,26,69.5214,0,0.2
2023,3,31,18,21.9,94.633,0,0
2023,4,1,0,21.4,91.7321,0.2,0.2
2023,4,1,6,25.2,68.5088,0.1,0.2
2023,4,1,12,26.4,63.801,0,0
2023,4,1,18,18.5,96.9088,2.1,0.3
2023,4,2,0,18,100,0.8,0
2023,4,2,6,26.5,63.4254,0,0.2
2023,4,2,12,26.2,60.6372,0,0.1
2023,4,2,18,20.9,88.8885,0,0.1
2023,4,3,0,19.3,92.1832,0,0.1
2023,4,3,6,29.1,57.9788,0,0.1
2023,4,3,12,29.2,54.1677,0,0
2023,4,3,18,21.6,96.3852,0,0.2
2023,4,4,0,19,88.1753,0,0.2
2023,4,4,6,25.2,68.5088,0,0.2
2023,4,4,12,28,65.7435,0,0
2023,4,4,18,22.2,87.3539,0,0.1
2023,4,5,0,19.3,86.5408,0,0.1
2023,4,5,6,27.1,69.3017,0,0.2
2023,4,5,12,28.4,44.0301,0,0
2023,4,5,18,21.4,86.1997,0,0
2023,4,6,0,18.1,93.2905,0,0
2023,4,6,6,30.3,54.1036,0,0.2
2023,4,6,12,29,51.4692,0,0
2023,4,6,18,20,93.969,0,0
2023,4,7,0,19,88.1753,0,0.9
2023,4,7,6,30,51.7246,0,0.555556
2023,4,7,12,29.5,64.0687,0,0
2023,4,7,18,22.8,89.5875,0,0.2
2023,4,8,0,19.8,95.1418,0,0.1
2023,4,8,6,30.2,51.1334,0,0.3
2023,4,8,12,29.6,67.6938,0,0
2023,4,8,18,22.2,92.9166,0,0
2023,4,9,0,20.4,91.6718,0,0
2023,4,9,6,31.5,50.5179,0,0.1
2023,4,9,12,30,48.582,0,0
2023,4,9,18,21.5,96.9774,0,0
2023,4,10,0,20.5,91.1074,0,0
2023,4,10,6,33.4,33.0867,0,0.2
2023,4,10,12,31,37.9015,0,0.1
2023,4,10,18,21.4,80.9625,0,0.1
2023,4,11,0,19.4,91.6109,0,0.1
2023,4,11,6,32,43.3387,0,0.1
2023,4,11,12,31.1,40.1821,0,0
2023,4,11,18,20.4,86.1021,0,0
2023,4,12,0,17.3,86.3476,0,0
2023,4,12,6,32.4,30.7432,0,0
2023,4,12,12,30.3,61.1852,0,0
2023,4,12,18,22.2,87.3539,0,0
2023,4,13,0,19,93.9243,0,0
2023,4,13,6,31.4,44.8415,0,0.2
2023,4,13,12,30.8,63.1852,0,0
2023,4,13,18,23.5,91.2978,0,0
2023,4,14,0,22.7,90.1329,0,0
2023,4,14,6,33,49.3622,0,0.2
2023,4,14,12,31.4,64.8573,0,0
2023,4,14,18,24.5,91.3599,0,0.2
2023,4,15,0,22.5,96.9997,0,0
2023,4,15,6,33,55.7715,0,0.3
2023,4,15,12,31,74.766,0,0
2023,4,15,18,25.5,97.0653,0,0
2023,4,16,0,23.5,100,0,0
2023,4,16,6,34,56.0107,0,0.3
2023,4,16,12,33.5,54.2268,0,0.277778
2023,4,16,18,24,88.5888,0,0
2023,4,17,0,21.5,96.9774,0,0
2023,4,17,6,34,43.8763,0,0.1
2023,4,17,12,33.2,62.1951,0,0.1
2023,4,17,18,25,88.6689,0,0
2023,4,18,0,23.5,97.0218,0,0
2023,4,18,6,33.1,66.3776,0,0.2
2023,4,18,12,33,70.8105,0,0
2023,4,19,12,33.3,69.6263,0,0
2023,4,19,18,28.3,87.3629,0,0
2023,4,20,0,25,88.6689,0,0.3
2023,4,20,6,31.2,65.6006,0,0.2
2023,4,20,12,30,79.1761,0,0.2
2023,4,20,18,26,88.7482,0,0.2
2023,4,21,0,25,88.6689,0,0.2
2023,4,21,6,31.5,81.7342,0,0.2
2023,4,21,12,29,70.0832,0,0.3
2023,4,21,18,23.5,66.8916,0,0.2
2023,4,22,0,21,88.3433,0,0.3
2023,4,22,6,30.5,47.2071,0,0.3
2023,4,22,12,31,55.2883,0,0
2023,4,22,18,24,83.3239,0,0.1
2023,4,23,0,23.2,87.4427,0,0.3
2023,4,23,6,22.6,75.2442,0,0.2
2023,4,23,12,22.5,80.6,0,0.2
2023,4,23,18,20,88.2598,0,0.1
2023,4,24,0,19,93.9243,0,0
2023,4,24,6,28.5,52.985,0,0.2
2023,4,24,12,28.4,50.0321,0,0
2023,4,24,18,22.4,86.2963,0,0.1
2023,4,25,0,21,94.0132,0,0
2023,4,25,6,31.4,44.8415,0,0.2
2023,4,25,12,31,48.8436,0,0
2023,4,25,18,22.2,87.3539,0,0
2023,4,26,0,20.1,93.3887,0,0
2023,4,26,6,34,41.2301,0,0.2
2023,4,26,12,31.6,53.4302,0,0.1
2023,4,26,18,22.8,89.5875,0,0
2023,4,27,0,21,94.0132,0,0
2023,4,27,6,33.4,42.6388,0,0
2023,4,27,12,31.4,61.0586,0,0
2023,4,27,18,24.5,80.8606,0,0.3
2023,4,28,0,20.6,96.3583,0,0
2023,4,28,6,32,49.1036,0,0.2
2023,4,28,12,30,58.5495,0,0
2023,4,28,18,24.9,83.9373,0,0
2023,4,29,0,22.1,77.5698,0,0.2
2023,4,29,6,28.9,62.3897,0,0.1
2023,4,29,12,28.2,61.0908,0,0
2023,4,29,18,23,83.209,0,0.3
2023,4,30,0,21.5,96.9774,0,0.1
2023,4,30,6,30.5,50.2608,0,0.2
2023,4,30,12,29.2,65.1892,0,0.1
2023,4,30,18,24.3,87.0068,2.8,0
2023,5,1,0,21,94.0132,0,0
2023,5,1,6,30,55.0443,0,0
2023,5,1,12,27.3,83.695,0,0
2023,5,1,18,24,88.5888,0,0.1
2023,5,2,0,22,94.057,0,0
2023,5,2,6,32.3,42.6087,0,0.2
2023,5,2,12,25.5,67.2962,0,0.1
2023,5,2,18,22.9,89.0458,0,0
2023,5,3,0,21.9,94.633,0,0
2023,5,3,6,32.8,49.9213,0,0.1
2023,5,3,12,30,74.6054,0,0
2023,5,3,18,24.5,91.3599,0,0.1
2023,5,4,0,23,94.1002,0.2,0.2
2023,5,4,6,29.5,64.0687,0,0
2023,5,4,12,27.8,79.8283,0.7,0
2023,5,4,18,24.2,93.0185,0,0.3
2023,5,5,0,23.7,95.8586,0,0.3
2023,5,5,6,31,58.7818,0,0.2
2023,5,5,12,30.5,56.8926,0,0.2
2023,5,5,18,24.4,86.4866,0,0.2
2023,5,6,0,23.4,91.8507,0,0.2
2023,5,6,6,34.2,29.6579,0,0.5
2023,5,6,18,22.5,91.235,0,0.1
2023,5,7,0,21.8,95.2131,0,0.1
2023,5,7,12,33,62.8986,0,0
2023,5,7,18,25.3,87.0972,0,0
2023,5,8,0,23.1,93.5321,0,0
2023,5,8,6,33,49.3622,0,0.2
2023,5,8,12,32.4,54.2875,0,0
2023,5,8,18,26.2,77.6956,0,0.2
2023,5,9,0,23.2,87.4427,0,0
2023,5,9,6,34,46.6703,0,0.1
2023,5,9,12,33.5,54.2268,0,0
2023,5,9,18,24.8,74.6672,0,0.2
2023,5,10,0,22.5,91.235,0,0
2023,5,10,6,36,34.6584,0,0.2
2023,5,10,12,33.2,33.4604,0,0.2
2023,5,10,18,24.4,76.4766,0,0.3
2023,5,11,6,33.5,45.1216,0,0.2
2023,5,11,12,33,59.2413,0,0.2
2023,5,11,18,25,73.7806,0,0.1
2023,5,12,0,23.3,86.9155,0,0.1
2023,5,12,6,33,46.407,0,0.2
2023,5,12,12,33,49.3622,0,0.1
2023,5,12,18,25,78.4789,0,0.1
2023,5,13,0,24,73.6111,0,0.2
2023,5,13,6,33.5,32.9017,0,0.555556
2023,5,13,12,33.3,51.6035,0,0
2023,5,13,18,25.3,87.0972,0,0.1
2023,5,14,0,22.4,86.2963,0,0
2023,5,14,6,34,41.2301,0,0.2
2023,5,14,12,32,43.3387,0,0.2
2023,5,14,18,26.1,78.1568,0,0.2
2023,5,15,0,22.3,86.8233,0,0
2023,5,15,6,31.3,61.4074,0,0.2
2023,5,15,12,30.2,51.1334,0,0.1
2023,5,15,18,26.4,81.5966,0,0
2023,5,16,0,20.8,95.1776,1,0
2023,5,16,6,30.1,61.8921,0,0.1
2023,5,16,12,28.2,69.0869,0,0.3
2023,5,16,18,22.6,90.6821,0.4,0.2
2023,5,17,0,21.3,92.2965,2.4,0.2
2023,5,17,6,28,65.7435,0.1,0.2
2023,5,17,12,26.5,71.7942,0,0.2
2023,5,17,18,24.6,90.8144,0,0.4
2023,5,18,0,21.8,95.2131,2.6,0.3
2023,5,18,6,27,65.5369,0,0.3
2023,5,18,12,25.5,86.0668,0.2,0.1
2023,5,18,18,24,88.5888,0,0
2023,5,19,0,22.5,100,2.4,0.2
2023,5,19,6,27.5,76.4839,0.8,0.2
2023,5,19,18,23.5,97.0218,0,0
2023,5,20,0,22.8,95.2482,1,0.1
2023,5,20,6,31,48.8436,0.7,0.2
2023,5,20,12,30.8,59.4574,0,0.2
2023,5,20,18,25.2,87.6176,0,0.1
2023,5,21,0,24.4,86.4866,0,0.1
2023,5,21,6,29.4,64.4397,0,0.1
2023,5,21,12,29.2,73.5863,0,0
2023,5,21,18,23.2,87.4427,0.5,0.1
2023,5,22,0,23,88.5078,0,0
2023,5,22,6,28.3,72.9919,0.4,0
2023,5,22,12,29.3,68.8768,0,0.1
2023,5,22,18,26.4,81.5966,0,0.2
2023,5,23,0,24.2,93.0185,0.2,0
2023,5,23,6,30,74.6054,0,0.2
2023,5,23,12,21,94.0132,2.5,0
2023,5,23,18,21.5,96.9774,0.3,0.2
2023,5,24,0,21.5,96.9774,0,0
2023,5,24,6,29.5,53.2366,0,0
2023,5,24,12,29.6,59.9143,0,0.1
2023,5,24,18,24,94.143,0,0
2023,5,25,0,23.4,91.8507,0,0
2023,5,25,6,31.4,57.4563,0,0.2
2023,5,25,12,30,62.249,0,0
2023,5,25,18,21,94.0132,1.2,0.4
2023,5,26,0,20,93.969,0,0.1
2023,5,26,6,29.8,59.2275,0,0.1
2023,5,26,12,30.2,61.5375,0,0.2
2023,5,26,18,25.8,89.8068,0,0
2023,5,27,0,23,88.5078,0,0.2
2023,5,27,6,27.5,76.4839,0.3,0.2
2023,5,27,12,27,74.1149,0,0
2023,5,27,18,24,88.5888,0,0
2023,5,28,0,23,94.1002,0,0
2023,5,28,6,30.4,64.6493,0,0.1
2023,5,28,12,31.2,61.7584,0,0
2023,5,28,18,25.3,87.0972,0,0
2023,5,29,0,23.4,91.8507,0,0
2023,5,29,6,34,52.7302,0,0.2
2023,5,29,12,34.8,53.5691,0,0
2023,5,29,18,26.3,92.5692,0,0.1
2023,5,30,0,24.8,95.3172,0,0
2023,5,30,6,35.3,46.1585,0,0.1
2023,5,30,12,34.6,64.7465,0,0
2023,5,30,18,27,94.2687,0,0
2023,5,31,0,25.5,97.0653,0,0
2023,5,31,6,,,,
2023,5,31,12,34,66.949,0,0
2023,5,31,18,28.6,91.0709,0,0.2
2023,6,1,0,27,94.2687,0,0.2
2023,6,1,6,35.5,48.5128,0,0.2
2023,6,1,12,35.8,50.6844,0,0
2023,6,1,18,26.5,86.1628,0,0
2023,6,2,0,25.7,,0,0
2023,6,2,6,35.7,45.1491,0,0
2023,6,2,12,36,41.7692,0,0
2023,6,2,18,27.5,86.2578,0,0.2
2023,6,3,0,27,88.8267,0,0.2
2023,6,3,6,34,59.4686,0,0.2
2023,6,3,12,34.2,58.8082,0,0.1
2023,6,3,18,29.8,84.9623,0,0.1
2023,6,4,0,25.6,80.5091,0,0.1
2023,6,4,6,33.5,64.9032,0,0.1
2023,6,4,12,29.8,46.1364,0,0.1
2023,6,4,18,26.2,87.7037,0,0
2023,6,5,0,26,78.621,0,0.1
2023,6,5,6,33.8,56.6406,0,0.1
2023,6,5,12,34.5,73.1701,0,0
2023,6,5,18,29.4,86.9457,0,0.1
2023,6,6,0,27.2,93.1673,0,0
2023,6,6,6,35.8,47.7158,0,0
2023,6,6,12,35.4,61.9359,0,0
2023,6,6,18,29.4,92.1917,0,0
2023,6,7,0,27.6,96.5409,0,0
2023,6,7,6,36,53.2235,0,0.2
2023,6,7,12,30.8,59.4574,0,0.1
2023,6,7,18,28,88.9044,0,0
2023,6,8,0,27.7,90.4767,0,0.1
2023,6,8,6,34.3,62.064,0,0.1
2023,6,8,12,33,75.083,0,0
2023,6,8,18,29.5,97.1496,0,0
2023,6,9,0,29.2,93.2639,0,0.1
2023,6,9,6,24.7,100,5.6,0.1
2023,6,9,12,25.2,93.0686,0.1,0
2023,6,9,18,26.5,97.0867,0,0
2023,6,10,0,26.2,93.1182,0,0
2023,6,10,6,27.5,91.5423,1.1,0.2
2023,6,10,12,29,74.4434,0.1,0
2023,6,10,18,27.1,93.7162,0,0
2023,6,11,0,26,94.2272,0,0
2023,6,11,6,30,74.6054,0,0
2023,6,11,12,30.4,72.9109,0,0
2023,6,11,18,28,88.9044,0,0.2
2023,6,12,0,26.1,93.6709,0.3,0.2
2023,6,12,6,27.4,76.9334,0.2,0.1
2023,6,12,12,31,70.4499,0,0.1
2023,6,12,18,27.6,91.0078,0,0.1
2023,6,13,0,26.4,86.673,0,0.1
2023,6,13,6,25.2,93.0686,3.8,0.1
2023,6,13,12,30,79.1761,0,0
2023,6,13,18,26.6,96.5156,0,0.2
2023,6,14,0,25,94.1853,1.8,0.2
2023,6,14,12,30.8,80.2233,0,0.2
2023,6,14,18,27.4,81.7197,0,0.3
2023,6,15,0,23.2,92.9678,1.8,0.2
2023,6,15,6,32.2,78.5509,0,0.2
2023,6,15,12,26,88.7482,1.1,0.2
2023,6,15,18,24.7,95.8888,0.3,0.555556
2023,6,16,0,24.3,92.4619,0,0
2023,6,16,6,28.5,81.367,0,0
2023,6,16,12,26.7,85.1524,0,0.2
2023,6,16,15,,,,
2023,6,16,18,25,94.1853,0,0.2
2023,6,17,0,24.5,97.0437,0.3,0.2
2023,6,17,3,25.5,91.4213,,0.2
2023,6,17,12,27,83.6618,0,0
2023,6,17,18,25.4,91.9668,0,0.2
2023,6,18,0,21,100,3.4,0.1
2023,6,18,6,25,83.4376,0.7,0.2
2023,6,18,12,25.4,86.5803,0,0.2
2023,6,19,6,24.4,91.909,2.9,0.1
2023,6,19,18,25.2,87.6176,0,0.2
2023,6,20,0,24.8,95.3172,0.2,0.2
2023,6,20,6,24.4,91.909,3.9,0.1
2023,6,20,12,26.1,88.2242,0,0.2
2023,6,20,18,,,,
2023,6,21,0,23.8,100,1.4,0.1
2023,6,21,6,25.2,93.0686,5,0.2
2023,6,21,12,26.3,82.0801,0,0.1
2023,6,21,18,25.4,91.9668,0,0
2023,6,22,0,25,100,1.3,0
2023,6,22,6,27,88.8267,0.5,0.1
2023,6,22,12,28.8,79.9612,0,0.555556
2023,6,22,18,26.2,93.1182,0,0
2023,6,23,0,25.8,95.3511,0,0
2023,6,23,6,31,70.4499,0,0.1
2023,6,23,12,31.4,73.0801,0,0.2
2023,6,23,18,27.6,91.0078,0,0
2023,6,24,0,26.8,89.8784,0,0.1
2023,6,24,6,31.4,68.8613,0,0.2
2023,6,24,12,33,59.2413,0,0
2023,6,24,18,28.2,87.8734,0,0
2023,6,25,0,27,88.8267,0,0.1
2023,6,25,6,33,59.2413,0,0.2
2023,6,25,12,32.4,61.2804,0,0
2023,6,25,18,29,88.9814,0,0
2023,6,26,0,27,88.8267,0,0
2023,6,26,6,32.2,61.9776,0,0.1
2023,6,26,12,33,59.2413,0,0.2
2023,6,26,18,28,83.7722,0,0.2
2023,6,27,0,26.5,91.4821,0,0.2
2023,6,27,6,30.8,67.1162,0,1.11111
2023,6,27,12,26.4,86.673,1.3,0.5
2023,6,27,18,26.6,90.944,0.1,0.3
2023,6,28,0,26.4,86.673,0,0.2
2023,6,28,6,26.5,100,2.9,0.2
2023,6,28,12,28,83.7722,2.6,0.4
2023,6,28,18,26.5,91.4821,0,0.1
2023,6,29,0,26.2,93.1182,0,0
2023,6,29,6,28.2,87.8734,0,0.1
2023,6,29,12,29.2,78.1292,0,0.2
2023,6,29,18,26.4,86.673,0,0.1
2023,6,30,0,26,94.2272,0,0
2023,6,30,6,25.5,97.0653,4.3,0.2
2023,6,30,12,27.8,89.9492,0.1,0.2
2023,6,30,18,26,94.2272,0,0
2023,7,1,0,25.5,97.0653,0,0.2
2023,7,1,6,29,79.0392,0,0.1
2023,7,1,12,28,83.7722,0,0
2023,7,1,18,26.8,84.6522,0,0.1
2023,7,2,0,26.4,92.0239,0,0.2
2023,7,2,3,28,83.7722,0,0
2023,7,2,6,29.4,81.9625,0,0.1
2023,7,2,12,27.4,86.7648,0,0.1
2023,7,2,18,26.4,92.0239,0,0.2
2023,7,3,0,25.4,91.9668,1.6,0
2023,7,3,6,29,83.8815,0,0.1
2023,7,3,12,27.4,92.0804,0.1,0.1
2023,7,3,18,26.5,,0,0
2023,7,4,0,26.3,98.2404,0.4,0.1
2023,7,4,6,26.5,97.0867,0.2,0.2
2023,7,4,12,29.2,82.9158,0,0.1
2023,7,4,18,26.5,97.0867,0,0
2023,7,5,0,25.6,100,0,0
2023,7,5,6,33,70.8105,0,0.1
2023,7,5,12,29,88.9814,2.7,0
2023,7,5,18,27.2,98.8317,0,0
2023,7,6,0,27,94.2687,0,0.2
2023,7,6,6,31.5,72.6653,0,0.3
2023,7,6,9,32.5,68.6606,0,0.2
2023,7,6,12,28.4,81.8417,1.1,0.2
2023,7,6,18,26.5,91.4821,0,0
2023,7,7,0,26,94.2272,0,0
2023,7,7,6,31.5,77.0832,0.2,0.1
2023,7,7,12,29.6,81.0216,0.3,0.3
2023,7,7,18,28,88.9044,0,0.2
2023,7,8,0,27.2,93.1673,0,0.1
2023,7,8,6,31.4,68.8613,0,0.2
2023,7,8,12,32.1,70.2319,0,0.1
2023,7,8,18,28.1,93.761,0.2,0
2023,7,9,0,27.8,95.4179,0,0
2023,7,9,6,32.7,67.8899,0.1,0.1
2023,7,9,12,28.2,87.8734,1.8,0
2023,7,9,18,28.2,87.8734,0,0.2
2023,7,10,0,27.6,96.5409,0,0
2023,7,10,6,32.4,65.0636,0,0.2
2023,7,10,12,30.6,81.1467,0,0.555556
2023,7,10,18,28,88.9044,0,0.2
2023,7,11,0,27.4,92.0804,0,0.1
2023,7,11,6,30.4,77.3778,1.4,0
2023,7,20,6,34.4,58.1561,0,0.1
2023,7,20,12,34.6,64.7465,0,0.2
2023,7,20,18,29.6,96.5905,0,0
2023,7,21,0,28,83.7722,0,0.1
2023,7,21,6,27.5,91.5423,0,1.11111
2023,7,21,12,30,79.1761,0,0.2
2023,7,21,18,28.4,86.8557,0,0
2023,7,22,0,27.4,92.0804,0,0
2023,7,22,6,23.6,,0,0.3
2023,7,22,12,33.5,61.1565,0,0.2
2023,7,22,18,28.5,97.1288,0,0
2023,7,23,0,28,94.3097,0,0
2023,7,23,6,33.5,64.9032,0,0.2
2023,7,23,12,33.3,61.8467,0,0.1
2023,7,23,18,29,94.3502,0,0
2023,7,24,0,28,94.3097,0,0
2023,7,24,6,29.5,86.445,0.2,0.2
2023,7,24,12,30.2,83.0298,0.1,0
2023,7,24,18,28,88.9044,0,0
2023,7,25,0,27.1,93.7162,0,0
2023,7,25,6,32.2,65.8039,0,0.1
2023,7,25,12,32.1,78.997,0,0
2023,7,25,18,28.4,86.8557,0,0
2023,7,26,0,27.4,92.0804,0,0
2023,7,26,6,32.4,61.2804,0,0.1
2023,7,26,12,32.6,64.3327,0,0.1
2023,7,26,18,28.2,87.8734,0,0.1
2023,7,27,0,27,94.2687,0,0
2023,7,27,6,33.2,58.5787,0,0.1
2023,7,27,12,32.6,64.3327,0,0.2
2023,7,27,18,28.8,84.86,0,0.3
2023,7,28,0,28,88.9044,0,0.1
2023,7,28,6,31.6,76.6461,0.1,0.1
2023,7,28,12,31,79.3116,0.3,0.2
2023,7,28,18,28,88.9044,0,0.1
2023,7,29,0,27.5,97.1079,0,0.1
2023,7,29,6,31.5,77.0832,0,0.2
2023,7,29,12,30.6,81.1467,0,0.2
2023,7,29,18,28.5,97.1288,0,0
2023,7,30,0,27.8,95.4179,0.4,0.2
2023,7,30,6,32.8,67.5082,0,0.2
2023,7,30,12,29.4,86.9457,0,0.1
2023,7,30,18,29,88.9814,0,0.2
2023,7,31,0,28.1,93.761,0,0
2023,7,31,6,35,59.6943,0,0.2
2023,7,31,12,34,59.4686,0.6,0
2023,7,31,18,29.3,87.4496,0,0.1
2023,8,1,0,28.2,87.8734,0,0
2023,8,1,6,35,63.3236,0,0.2
2023,8,1,12,32.3,73.6631,0,0.1
2023,8,1,18,29.4,86.9457,0,0.1
2023,8,2,0,28.1,88.3872,0,0.1
2023,8,2,6,32.6,64.3327,0,0.1
2023,8,2,12,30.8,71.2597,0,0.1
2023,8,2,18,27.2,87.789,0,0.1
2023,8,3,0,26.8,89.8784,0,0.2
2023,8,3,6,32,62.6837,0,0.2
2023,8,3,12,28,88.9044,0.5,0.2
2023,8,3,18,27,94.2687,0,0.2
2023,8,4,0,26.5,97.0867,0,0.2
2023,8,4,6,32.8,67.5082,0,0.2
2023,8,4,12,28.8,84.86,0.3,0.2
2023,8,4,18,27,88.8267,0.1,0.4
2023,8,5,0,26.6,96.5156,0,0
2023,8,6,12,28,83.7722,0.1,0.1
2023,8,6,18,27.1,93.7162,0,0.1
2023,8,7,0,27,94.2687,2.5,0
2023,8,7,6,28.2,87.8734,1.1,0
2023,8,7,12,28,94.3097,1,0
2023,8,7,18,27.3,92.6221,0,0
2023,8,8,0,26.7,100,1.1,0.2
2023,8,8,6,31.1,74.3405,0.6,0.1
2023,8,8,12,27.9,89.4251,0,0.2
2023,8,8,18,27.1,93.7162,0.1,0.3
2023,8,9,0,27,94.2687,0,0.1
2023,8,9,6,31.3,69.2547,0,0.1
2023,8,9,12,30,83.9898,0,0
2023,8,9,18,27.2,93.1673,1.2,0
2023,8,10,0,27.2,93.1673,0,0
2023,8,10,6,30.5,76.9354,0,0.2
2023,8,10,12,30.6,81.1467,0,0.1
2023,8,10,18,27.8,89.9492,0,0.4
2023,8,11,0,27.4,92.0804,0,0.1
2023,8,11,6,29.8,84.9623,0.1,0
2023,8,11,12,27.4,86.7648,0.1,0
2023,8,11,18,27,94.2687,0.4,0.1
2023,8,11,21,32.5,72.8351,0,0.2
2023,8,12,0,26.6,96.5156,0.1,0.2
2023,8,12,6,,,,
2023,8,12,12,27.3,98.2533,3.8,0.2
2023,8,12,18,27.2,98.8317,2.9,0.3
2023,8,13,0,25.5,100,5.9,0.2
2023,8,13,6,27.8,89.9492,1.2,0
2023,8,13,12,28.8,95.4508,0.1,0.1
2023,8,13,18,26.5,91.4821,0,0
2023,8,14,0,26.3,92.5692,0,0
2023,8,14,6,32.7,67.8899,0,0.1
2023,8,14,18,,,,
2023,8,15,0,,,,
2023,8,15,6,33.4,54.5318,0,0.2
2023,8,15,12,31,74.766,0,0
2023,8,15,18,29.3,87.4496,0,0
2023,8,16,0,28.2,87.8734,0,0.2
2023,8,16,6,34,66.949,0,0.2
2023,8,16,12,28,94.3097,2.8,0.1
2023,8,16,18,27.4,92.0804,0,0
2023,8,17,0,27.8,95.4179,0,0
2023,8,17,6,33.7,64.1799,0,0.1
2023,8,17,12,32.2,78.5509,0,0.1
2023,8,17,18,28.2,87.8734,0,0
2023,8,18,0,27,94.2687,0,0.2
2023,8,18,6,33.2,62.1951,0,0.1
2023,8,18,12,31,79.3116,0.1,0
2023,8,18,18,28,88.9044,0,0
2023,8,19,0,27.2,93.1673,0,0
2023,8,19,6,33,62.8986,0,0.2
2023,8,19,12,32,70.631,0,0.2
2023,8,19,18,28.5,97.1288,0,0.2
2023,8,20,0,27.5,97.1079,0,0.1
2023,8,20,6,33.5,64.9032,0,0.1
2023,8,20,12,31.9,75.3513,0,0.1
2023,8,20,18,29,94.3502,0,0
2023,8,21,0,28,88.9044,0,0
2023,8,21,6,33,66.7521,0,0.2
2023,8,21,12,30.4,77.3778,0,0
2023,8,21,18,28.3,87.3629,0,0.1
2023,8,22,0,27,94.2687,2.8,0
2023,8,22,6,30.4,82.0822,0,0.1
2023,8,22,12,28,88.9044,0,0.1
2023,8,22,18,27,94.2687,0,0.1
2023,8,23,0,25.4,91.9668,0.1,0
2023,8,23,6,27.6,91.0078,0.1,0.1
2023,8,23,12,27.8,95.4179,0.1,0.2
2023,8,23,18,25.2,98.8143,6.3,0.2
2023,8,24,0,26.2,98.8231,1.4,0
2023,8,24,6,28.4,86.8557,0.2,0.3
2023,8,24,12,27.5,91.5423,0.7,0
2023,8,24,18,26.1,93.6709,0,0.1
2023,8,25,0,25.7,95.9187,0,0.1
2023,8,25,6,29,74.4434,0,0.2
2023,8,25,12,27.5,97.1079,0.1,0.2
2023,8,25,18,25.5,97.0653,1.3,0.2
2023,8,26,0,25.5,100,6.6,0.2
2023,8,26,6,27,94.2687,3.2,0.2
2023,8,26,12,27,94.2687,2,0
2023,8,26,18,26.3,92.5692,0,0
2023,8,26,21,26,94.2272,,0.1
2023,8,27,0,25.3,100,3.7,0
2023,8,27,6,27.4,86.7648,0.5,0.1
2023,8,27,12,30,83.9898,0,0.1
2023,8,27,18,28,88.9044,0,0
2023,8,28,0,27,94.2687,0,0.1
2023,8,28,6,33,62.8986,0,0.2
2023,8,28,12,31,79.3116,0,0.1
2023,8,28,18,27.5,91.5423,0,0.2
2023,8,29,0,26.2,93.1182,0,0.2
2023,8,29,6,32.8,67.5082,0.3,0
2023,8,29,18,27.2,93.1673,0,0
2023,8,30,6,34,63.1119,0,0.2
2023,8,30,12,34,66.949,0,0
2023,8,30,18,28.5,97.1288,0,0
2023,8,31,0,27,94.2687,0,0
2023,8,31,3,33.4,65.2683,0,0
2023,8,31,6,35.5,54.7123,0,0
2023,8,31,12,33.5,77.3748,0,0.1
2023,8,31,18,29.5,97.1496,0,0
2023,9,1,0,28.4,92.1364,0,0
2023,9,1,6,33.6,68.4643,0,0.1
2023,9,1,12,33.4,69.2365,0,0
2023,9,1,18,28,94.3097,0.9,0.3
2023,9,2,0,27.6,96.5409,0,0.2
2023,9,2,6,34,66.949,0,0.1
2023,9,2,12,31,84.0971,0.4,0
2023,9,2,18,28.4,92.1364,0,0
2023,9,3,0,28,94.3097,0,0.1
2023,9,3,6,34.4,61.719,0,0.1
2023,9,3,12,33.3,61.8467,0,0
2023,9,3,18,29.4,86.9457,0,0
2023,9,4,0,27,69.7103,0,0.3
2023,9,4,6,31.4,64.8573,0,0.1
2023,9,4,12,32.2,74.0811,0,0
2023,9,4,18,29,94.3502,0,0.1
2023,9,5,0,27.2,93.1673,0,0
2023,9,5,6,35.1,62.9734,0,0.2
2023,9,5,12,31,66.3535,0,0
2023,9,5,18,28,94.3097,0,0
2023,9,6,0,27.6,96.5409,0,0.1
2023,9,6,6,35,56.2483,0,0.2
2023,9,6,12,28,83.7722,0.1,0.2
2023,9,6,18,27.5,91.5423,0,0
2023,9,7,0,27.5,97.1079,0,0
2023,9,7,6,30.5,76.9354,0,0.3
2023,9,7,12,30.7,80.6835,0,0
2023,9,7,18,28,94.3097,0,0
2023,9,8,0,26.8,95.3847,0,0.3
2023,9,8,6,26.8,95.3847,0.3,0.3
2023,9,8,18,27,88.8267,0,0
2023,9,9,6,31.5,72.6653,0,0.1
2023,9,9,12,32.2,69.8353,0,0.1
2023,9,9,18,27.8,95.4179,0,0.2
2023,9,10,0,27,100,0,0.1
2023,9,10,6,34.5,65.1078,0.4,0
2023,9,10,12,29,83.8815,0,0
2023,9,10,18,27.8,98.2597,0,0
2023,9,11,0,27.1,99.4139,0,0
2023,9,11,6,33.8,67.7019,0,0
2023,9,11,12,30.4,77.3778,0,0
2023,9,12,6,30.4,77.3778,1.1,0.1
2023,9,12,12,30.1,83.5083,0,0
2023,9,12,18,28.1,88.3872,0,0
2023,9,13,0,27.3,92.6221,0,0
2023,9,13,6,33,62.8986,0,0
2023,9,13,12,32,66.5536,0,0
2023,9,13,18,27.6,96.5409,0,0
2023,9,14,0,27.4,92.0804,0,0
2023,9,14,6,33,55.7715,0,0.4
2023,9,14,12,31.6,76.6461,0,0
2023,9,14,18,28,83.7722,0,0.3
2023,9,15,0,26.8,89.8784,0,0.1
2023,9,15,6,33,62.8986,0,0.3
2023,9,15,12,32,74.9252,0,0
2023,9,15,18,27.7,95.9775,0,0
2023,9,16,0,26.5,98.243,0,0.1
2023,9,16,6,34.3,58.4812,0,0
2023,9,16,12,33,70.8105,0,0
2023,9,16,18,28.3,87.3629,0,0
2023,9,17,0,27,94.2687,0,0
2023,9,17,6,35.2,55.6281,0,0
2023,9,17,12,33,62.8986,0,0
2023,9,17,18,29,88.9814,0,0
2023,9,18,0,28,94.3097,0,0
2023,9,18,6,34,63.1119,0,0.1
2023,9,18,12,30,89.0575,1.9,0
2023,9,18,18,26.2,93.1182,0,0.2
2023,9,19,0,24.8,95.3172,0.3,0.6
2023,9,19,6,31.7,67.6964,1.1,0.3
2023,9,19,12,28.6,85.8513,0,0
2023,9,19,18,27,94.2687,0,0
2023,9,20,0,25.4,91.9668,0.3,0
2023,9,20,6,31,70.4499,0,0.3
2023,9,20,12,26,94.2272,1.1,0.5
2023,9,20,18,26,100,0.9,0.1
2023,9,21,0,25.8,100,0.3,0.1
2023,9,21,6,25.2,93.0686,1.9,0.3
2023,9,21,12,25,94.1853,0.9,0.2
2023,9,21,18,24.7,98.2195,0.8,0
2023,9,22,0,24.5,98.8082,0.3,0
2023,9,22,6,27.7,90.4767,0.2,0.2
2023,9,22,12,25.4,91.9668,1.1,0
2023,9,22,18,25.7,95.9187,0.1,0
2023,9,23,0,25.5,98.817,0.9,0.2
2023,9,23,6,28.5,91.6019,1.8,0.3
2023,9,23,12,26.7,90.4094,0,0.2
2023,9,23,18,25.7,98.2326,1.2,0.1
2023,9,24,0,25.5,98.23,0,0.2
2023,9,24,6,25,94.1853,2.3,0.2
2023,9,24,12,23.3,98.201,2.7,0
2023,9,24,18,24,100,0.1,0.2
2023,9,25,0,24.3,98.2143,0,0
2023,9,25,6,28.7,80.4267,0,0.1
2023,9,25,12,28.4,81.8417,0,0
2023,9,25,18,26.1,93.6709,0,0
2023,9,26,0,25.3,92.5158,0,0
2023,9,26,6,29.4,77.231,0,0.1
2023,9,26,12,29.1,83.3971,0,0
2023,9,26,18,26.4,86.673,0,0
2023,9,27,0,25.4,91.9668,0,0
2023,9,27,6,33.1,62.5458,0,0
2023,9,27,12,30.4,82.0822,0,0
2023,9,27,18,27.4,92.0804,0,0
2023,9,28,0,26.8,100,0,0
2023,9,28,6,33.6,68.4643,0,0.2
2023,9,28,12,32,79.4459,0,0
2023,9,28,18,28,94.3097,0,0
2023,9,29,0,26.6,100,0,0
2023,9,29,6,34,63.1119,0,0.3
2023,9,29,12,33.5,77.3748,0,0.1
2023,9,29,18,27.5,97.1079,0,0.1
2023,9,30,0,25.5,97.0653,1.8,0.1
2023,9,30,6,30,79.1761,2.9,0.1
2023,9,30,12,28,78.9011,0,0
2023,9,30,18,26.4,86.673,0,0
2023,10,1,0,26,94.2272,0,0
2023,10,1,12,27.1,88.3061,1.5,0
2023,10,1,18,26.7,95.9483,0,0
2023,10,2,0,26.4,92.0239,0,0.2
2023,10,2,6,31,74.766,0,0
2023,10,2,12,29.5,91.6608,0,0
2023,10,2,18,27,94.2687,0,0
2023,10,3,0,26.3,92.5692,0.1,0.1
2023,10,3,6,29.3,77.6787,0,0.2
2023,10,3,12,27.5,91.5423,0.1,0
2023,10,3,18,26,100,0.1,0
2023,10,4,0,26,88.7482,0,0.2
2023,10,4,6,25.7,95.9187,1.3,0.2
2023,10,4,12,25.5,97.0653,0.3,0.3
2023,10,4,18,25,94.1853,1.7,0.1
2023,10,5,0,24.8,98.2209,1.9,0.1
2023,10,5,6,25.8,89.8068,1.1,0.3
2023,10,5,12,25,88.6689,0.8,0.3
2023,10,5,18,24.5,91.3599,0,0.3
2023,10,6,0,24.4,86.4866,0,0.3
2023,10,6,6,26,78.621,0,0.4
2023,10,6,12,25,94.1853,0,0.2
2023,10,6,18,25,94.1853,0,0.2
2023,10,7,0,24.8,95.3172,0,0.2
2023,10,7,6,27.4,81.7197,0,0.4
2023,10,7,12,26.8,95.3847,0.1,0
2023,10,7,18,25.3,98.2274,0.7,0.2
2023,10,8,0,25.2,98.8143,0.1,0
2023,10,8,6,30.8,71.2597,0,0.2
2023,10,8,12,29.5,86.445,0,0
2023,10,8,18,25.7,100,0,0.1
2023,10,9,0,24.4,91.909,0.9,0
2023,10,9,6,33.2,66.0055,0,0.2
2023,10,9,12,29.8,84.9623,0,0
2023,10,9,18,26.2,87.7037,0,0.2
2023,10,10,0,,,0.2,0
2023,10,10,6,27,88.8267,0.3,0
2023,10,10,12,27.5,91.5423,0,0
2023,10,10,18,26,94.2272,0,0
2023,10,11,0,25.5,97.0653,0,0
2023,10,11,6,31.3,65.2277,0,0.1
2023,10,11,12,29.5,86.445,0,0
2023,10,11,18,26,94.2272,0,0
2023,10,12,0,24.2,93.0185,0,0
2023,10,12,6,30.4,72.9109,0,0
2023,10,12,12,30,83.9898,0,0
2023,10,12,18,26.2,93.1182,0,0
2023,10,13,0,24.5,97.0437,0,0.1
2023,10,13,6,29,65.9485,3,0.2
2023,10,13,12,28,83.7722,0,0
2023,10,13,18,25,94.1853,0,0
2023,10,14,0,24.4,91.909,0,0
2023,10,14,6,29.5,76.7863,0,0
2023,10,14,12,27.1,88.3061,0,0
2023,10,14,18,24.3,92.4619,0,0
2023,10,15,0,24,100,0,0
2023,10,15,6,29.5,76.7863,0,0
2023,10,15,12,27.8,89.9492,0,0
2023,10,15,18,24,94.143,0,0
2023,10,16,0,23.8,100,0,0.2
2023,10,16,6,30,70.2674,0,0.2
2023,10,16,12,28,88.9044,0,0
2023,10,16,18,23.4,91.8507,0,0
2023,10,17,0,22.2,98.7876,0,0.1
2023,10,17,3,27.4,68.0921,0,0.2
2023,10,17,6,30.4,64.6493,0,0.2
2023,10,17,12,28,78.9011,0,0
2023,10,17,18,23.4,91.8507,0,0
2023,10,18,0,22,100,0,0
2023,10,18,6,31,55.2883,0,0
2023,10,18,12,27.2,82.6843,0,0
2023,10,18,18,24.3,87.0068,0,0
2023,10,19,0,22.3,92.3522,0,0
2023,10,19,6,30.4,60.8352,0,0.1
2023,10,19,12,27.5,91.5423,0,0
2023,10,19,18,24,94.143,0,0
2023,10,20,0,21.3,92.2965,0,0
2023,10,20,6,29.7,85.4534,0,0.2
2023,10,20,12,26.3,87.1866,0,0
2023,10,20,18,22.7,100,0,0
2023,10,21,0,21.2,92.8648,0,0.2
2023,10,21,6,29.5,60.261,0,0.2
2023,10,21,12,26.2,87.7037,0,0
2023,10,21,18,22,94.057,0,0.1
2023,10,22,0,19.8,95.1418,0,0.2
2023,10,22,6,30,62.249,0,0.4
2023,10,22,12,26.4,81.5966,0,0
2023,10,22,18,21.6,96.3852,0,0
2023,10,23,0,20.5,91.1074,0,0.1
2023,10,23,6,28.8,62.7527,0,0.2
2023,10,23,12,27,78.7617,0,0.1
2023,10,23,18,22.6,96.4119,0,0.2
2023,10,24,0,21,88.3433,0,0.2
2023,10,24,6,29.5,64.0687,0,0.3
2023,10,24,12,26,83.5503,0,0
2023,10,24,18,22.4,91.7917,0,0.1
2023,10,25,0,20.1,87.7147,0,0.2
2023,10,25,18,22.4,86.2963,0,0
2023,10,26,0,20.4,91.6718,0,0
2023,10,26,6,31.3,54.3503,0,0.1
2023,10,26,12,27,83.6618,0,0
2023,10,26,18,23.3,92.4073,0,0
2023,10,27,0,20.3,92.2402,0,0
2023,10,27,6,30.4,44.5724,0,0
2023,10,27,12,27.7,75.5936,0,0
2023,10,27,18,22,94.057,0,0
2023,10,28,0,18,93.8791,0,0
2023,10,28,6,30.5,44.3176,0,0.1
2023,10,28,12,25,83.4376,0,0
2023,10,28,18,20.7,95.7659,0,0
2023,10,29,0,17.5,96.8854,0,0
2023,10,29,6,29.5,50.0021,0,0.1
2023,10,29,12,25.4,86.5803,0,0
2023,10,29,18,21.7,95.7971,0,0
2023,10,30,0,20,93.969,0,0
2023,10,30,6,30,62.249,0,0.3
2023,10,30,12,25.8,84.5468,0,0
2023,10,30,18,21.5,96.9774,0,0
2023,10,31,0,21,94.0132,0,0.1
2023,10,31,6,30.2,57.8803,0,0.3
2023,10,31,12,28,78.9011,0,0
2023,10,31,18,22.3,92.3522,0,0
2023,11,1,0,20.4,86.1021,0,0.2
2023,11,1,6,30.6,53.181,0,0.2
2023,11,1,12,26.6,85.6559,0,0
2023,11,1,18,22.2,92.9166,0,0.1
2023,11,2,0,20,93.969,0,0.1
2023,11,2,6,30,58.5495,0,0.1
2023,11,2,12,27.5,86.2578,0,0
2023,11,2,18,22.5,96.9997,0,0
2023,11,3,0,20,93.969,0,0
2023,11,3,6,29.5,56.6533,0,0.1
2023,11,3,12,25.5,91.4213,0,0
2023,11,3,18,21.8,95.2131,0,0
2023,11,4,0,20,93.969,0,0
2023,11,4,6,30.2,51.1334,0,0.1
2023,11,4,12,26.2,82.5669,0,0
2023,11,4,18,22.2,92.9166,0,0
2023,11,5,0,20,93.969,0,0
2023,11,5,6,29.2,54.1677,0,0
2023,11,5,12,25,83.4376,0,0
2023,11,5,18,21.4,91.7321,0,0
2023,11,6,6,28,51.2122,0,0.1
2023,11,6,12,23.8,89.6614,0,0
2023,11,6,18,20.5,96.9548,0,0
2023,11,7,0,17.8,100,0,0
2023,11,7,6,28.7,55.7606,0,0.1
2023,11,7,12,23.9,89.1233,0,0
2023,11,7,18,19.8,95.1418,0,0.1
2023,11,8,0,17.7,100,0,0
2023,11,8,6,29.8,52.3235,0,0.2
2023,11,8,12,25,83.4376,0,0
2023,11,8,18,20.1,93.3887,0,0
2023,11,9,0,17.4,91.4871,0,0
2023,11,9,6,29,54.7986,0,0
2023,11,9,12,25,83.4376,0,0
2023,11,9,18,19.4,91.6109,0,0
2023,11,10,0,17.3,92.0675,0,0
2023,11,10,6,28.4,50.0321,0,0.1
2023,11,10,12,23.6,90.7486,0,0
2023,11,10,18,19,93.9243,0,0
2023,11,11,0,17.6,100,0,0
2023,11,11,6,28,51.2122,0,0.1
2023,11,11,12,24,88.5888,0,0
2023,11,11,18,19,93.9243,0,0
2023,11,12,0,16.6,100,0,0
2023,11,12,6,28.5,52.985,0,0.2
2023,11,12,12,24.5,85.9698,0,0
2023,11,12,18,18.8,95.1055,0,0
2023,11,13,0,17,93.8334,0,0
2023,11,13,6,28.7,55.7606,0,0.1
2023,11,13,12,24,83.3239,0,0
2023,11,13,18,19,93.9243,0,0
2023,11,14,0,17,93.8334,0,0
2023,11,14,6,28.4,56.7416,0,0.1
2023,11,14,12,24.4,81.3466,0,0
2023,11,14,18,19.1,93.3399,0,0
2023,11,15,0,17,93.8334,0,0
2023,11,15,6,27.4,56.5,0,0.2
2023,11,15,12,24.2,82.3286,0,0
2023,11,15,18,20,93.969,0,0
2023,11,16,0,18.2,86.9893,0,0.1
2023,11,16,6,28.5,49.7418,0,0.3
2023,11,16,12,24,83.3239,0,0
2023,11,16,18,23,73.4401,0,0.2
2023,11,17,0,21.5,96.9774,0.5,0.1
2023,11,17,6,26.6,63.0523,0,0.3
2023,11,17,12,25,69.3309,0,0.4
2023,11,17,18,19.5,91.0426,0,0
2023,11,18,0,19.4,86.0035,0,0.4
2023,11,18,6,25.5,67.2962,0,0.3
2023,11,18,12,22.5,91.235,0,0
2023,11,18,18,18.3,92.1257,0,0
2023,11,19,0,18,93.8791,0,0
2023,11,19,6,27,61.5844,0,0.3
2023,11,19,12,24.3,87.0068,0,0
2023,11,19,18,20.1,93.3887,0,0
2023,11,19,21,18.3,92.1257,0,0
2023,11,20,6,,,,
2023,11,20,12,25.1,78.0121,0,0
2023,11,20,18,20.3,86.6359,0,0
2023,11,21,0,18.1,93.2905,0,0
2023,11,21,6,28.4,50.0321,0,0.1
2023,11,21,12,23.7,90.2031,0,0
2023,11,21,18,19.8,89.3613,0,0.1
2023,11,22,0,16.3,92.0087,0,0
2023,11,22,6,28,42.2477,0,0.1
2023,11,22,12,22.5,85.773,0,0
2023,11,22,18,17.2,92.652,0,0
2023,11,23,0,15.4,91.3606,0,0
2023,11,23,6,27.5,59.8033,0,0.2
2023,11,23,12,24,83.3239,0,0
2023,11,23,18,18.8,95.1055,0,0
2023,11,24,0,18.2,98.7504,0,0.1
2023,11,24,6,28,54.5512,0,0.1
2023,11,24,12,23.2,82.2077,0,0
2023,11,24,18,18.3,92.1257,0,0
2023,11,25,0,16.5,100,0,0
2023,11,25,6,28,51.2122,0,0.1
2023,11,25,12,22.8,84.2241,0,0
2023,11,25,18,17.8,95.0689,0,0
2023,11,26,0,16.3,92.0087,0,0.1
2023,11,26,6,27.5,52.7317,0,0.3
2023,11,26,12,22.2,77.0983,0,0
2023,11,26,18,17.3,86.3476,0,0
2023,11,27,0,17.2,86.8957,0,0.2
2023,11,27,6,27.4,43.7569,0,0.2
2023,11,27,12,22.1,77.5698,0,0
2023,11,27,18,19.2,87.0818,0,0
2023,11,28,0,19,88.1753,0,0.2
2023,11,28,6,27.4,49.7709,0,0.2
2023,11,28,12,22.4,86.2963,0,0
2023,11,28,18,18.4,91.5494,0,0
2023,11,29,0,18.5,90.9771,0,0.2
2023,11,29,6,26.5,59.5718,0,0.2
2023,11,29,12,22,88.426,0,0
2023,11,29,18,17,100,0,0.1
2023,11,30,0,16,100,0,0.1
2023,11,30,6,26,54.0515,0,0.3
2023,11,30,12,21.4,80.9625,0,0
2023,11,30,18,16.7,95.6375,0,0
2023,12,1,0,14.7,100,0,0.2
2023,12,1,6,26.5,52.4769,0,0.3
2023,12,1,12,22.2,82.0856,0,0
2023,12,1,18,17.5,96.8854,0,0.2
2023,12,2,0,16.2,98.7312,0,0
2023,12,2,6,26.6,52.1682,0,0.1
2023,12,2,12,23.1,77.7186,0,0
2023,12,2,18,17.1,93.2406,0,0
2023,12,3,0,14.4,91.2963,0,0
2023,12,3,6,26.4,56.2567,0,0.1
2023,12,3,12,22.2,77.0983,0,0
2023,12,3,18,17.3,92.0675,0,0
2023,12,4,0,15,93.7405,0,0
2023,12,4,6,27,47.788,0,0.2
2023,12,4,12,21,77.897,0,0
2023,12,4,18,18.2,98.7504,0,0
2023,12,5,0,18,100,0,0
2023,12,5,6,24.6,66.6942,0,0.1
2023,12,5,12,22.4,81.0918,0,0
2023,12,5,18,18,100,0,0
2023,12,6,0,16.6,100,0,0.1
2023,12,6,6,26.4,56.2567,0,0.2
2023,12,6,12,22.4,76.1649,0,0
2023,12,6,18,21,94.0132,0,0.1
2023,12,7,0,19.2,92.7595,0.2,0.1
2023,12,7,6,21.8,95.2131,0.1,0.2
2023,12,7,12,20,93.969,0.3,0
2023,12,7,18,19.5,96.9319,0.1,0
2023,12,8,0,19,93.9243,0.1,0.2
2023,12,8,6,24.7,66.2963,0,0.3
2023,12,8,12,21.8,89.5129,0,0
2023,12,8,18,19.7,95.7343,0,0
2023,12,9,0,19,93.9243,0,0.1
2023,12,9,12,20,82.8575,0,0
2023,12,9,18,16.1,93.1901,0,0
2023,12,10,0,15,93.7405,0,0
2023,12,10,6,19,88.1753,0,0
2023,12,10,12,17.8,95.0689,0,0
2023,12,10,18,15,100,0,0.1
2023,12,11,0,16.6,100,0,0.1
2023,12,11,6,19,88.1753,0,0.1
2023,12,11,12,19.6,96.331,0,0
2023,12,11,18,16,100,0,0.1
2023,12,12,0,14.6,100,0,0
2023,12,12,6,24.5,67.0948,0,0.1
2023,12,12,12,21.4,76.0069,0,0
2023,12,12,18,16.3,92.0087,0,0
2023,12,13,0,14.3,91.8891,0,0
2023,12,13,6,24,60.9043,0,0
2023,12,13,18,15.1,93.1391,0,0
2023,12,14,0,11,100,0,0
2023,12,14,6,22.4,58.9866,0,0.1
2023,12,14,12,18.2,86.9893,0,0
2023,12,14,18,13.7,100,0,0
2023,12,15,0,11.6,100,0,0
2023,12,15,6,23.3,55.8531,0,0.2
2023,12,15,12,18.7,89.8446,0,0
2023,12,15,18,14,93.6933,0,0
2023,12,16,0,11.6,100,0,0
2023,12,16,6,23.2,56.1918,0,0.1
2023,12,16,12,18.8,95.1055,0,0
2023,12,16,18,14,100,0,0
2023,12,17,0,11.5,100,0,0
2023,12,17,6,24,53.5451,0,0.2
2023,12,17,12,19.6,90.4783,0,0
2023,12,17,18,14.2,98.7116,0,0
2023,12,18,0,11.6,100,0,0
2023,12,18,6,24,53.5451,0,0.1
2023,12,18,12,20.1,87.7147,0,0
2023,12,18,18,14.4,91.2963,0,0
2023,12,19,0,12.4,100,0,0
2023,12,19,6,24,53.5451,0,0.1
2023,12,19,12,20.3,76.3176,0,0
2023,12,19,18,14.3,91.8891,0,0
2023,12,20,0,12,100,0,0
2023,12,20,6,24.2,46.419,0,0.2
2023,12,20,9,25.3,40.6812,0,0
2023,12,20,12,19.5,85.47,0,0
2023,12,20,18,13.7,100,0,0.1
2023,12,21,0,13,100,0,0.2
2023,12,21,6,23.7,54.5208,0,0.3
2023,12,21,12,19.3,81.2042,0,0
2023,12,21,18,14.2,98.7116,0,0
2023,12,22,0,12.8,100,0,0.1
2023,12,22,6,24.3,46.1413,0,0.1
2023,12,22,12,19.4,75.6864,0,0
2023,12,22,18,16.4,85.7016,0,0.2
2023,12,23,0,16.4,80.2966,0,0.3
2023,12,23,6,20.6,70.2623,0,0.2
2023,12,23,12,20.4,66.6825,0,0.1
2023,12,23,18,17.4,80.4324,0,0.3
2023,12,24,0,14,93.6933,0,0
2023,12,24,12,21.4,76.0069,0,0
2023,12,24,18,16.3,92.0087,0,0
2023,12,25,0,13.4,100,0,0
2023,12,25,6,25,50.4316,0,0.1
2023,12,25,12,21.2,76.9454,0,0
2023,12,25,18,16.1,93.1901,0,0
2023,12,26,0,13.5,100,0,0
2023,12,26,6,24.4,55.765,0,0.1
2023,12,26,12,20.8,84.0036,0,0
2023,12,26,18,15.8,94.9944,0,0
2023,12,27,0,14.8,100,0,0.1
2023,12,27,6,25.2,56.6828,0,0.1
2023,12,27,12,21,88.3433,0,0
2023,12,27,18,17,93.8334,0,0
2023,12,28,0,14.4,97.4417,0,0
2023,12,28,6,25,50.4316,0,0.2
2023,12,28,12,21,77.897,0,0
2023,12,28,18,16,93.7872,0,0
2023,12,29,0,14,100,0,0
2023,12,29,6,25.4,46.138,0,0.2
2023,12,29,12,20.5,80.3343,0,0
2023,12,29,18,15,93.7405,0,0
2023,12,30,0,13,100,0,0
2023,12,30,6,24.6,55.1009,0,0.3
2023,12,30,12,21.3,76.4746,0,0
2023,12,30,18,16.1,93.1901,0,0
2023,12,31,0,15.3,91.9492,0,0
2023,12,31,6,21.4,66.889,0,0.1
2023,12,31,12,20.2,76.7911,0,0
2023,12,31,18,15.4,85.5988,0,0
2024,1,1,0,12.3,91.7668,0,0
2024,1,1,6,17,77.2925,0,0.1
2024,1,1,12,16.5,90.844,0,0.3
2024,1,1,18,14,100,0,0.2
2024,1,2,0,13,100,0,0
2024,1,2,6,16.5,79.787,0,0
2024,1,2,12,15.7,95.6044,0,0
2024,1,2,18,12,100,0,0
2024,1,3,0,11,100,0,0
2024,1,3,6,20.3,71.5762,0,0.1
2024,1,3,12,18.2,86.9893,0,0
2024,1,3,18,13,100,0,0
2024,1,4,0,10.2,98.6709,0,0
2024,1,4,6,23.4,52.0153,0,0
2024,1,4,12,19,88.1753,0,0
2024,1,4,18,12.6,100,0,0
2024,1,5,0,10,100,0,0
2024,1,5,6,24,46.9802,0,0.2
2024,1,5,12,20.2,76.7911,0,0
2024,1,5,18,14.2,92.4861,0,0
2024,1,6,0,11,100,0,0
2024,1,6,6,23,56.8763,0,0
2024,1,6,18,13.3,91.8283,0,0
2024,1,7,0,10.4,100,0,0
2024,1,7,6,24.2,46.419,0,0
2024,1,7,12,18.5,90.9771,0,0
2024,1,7,18,13.9,94.3035,0,0.1
2024,1,8,0,14.6,100,0,0.1
2024,1,8,6,17.4,80.4324,0,0
2024,1,8,12,17.3,92.0675,0,0
2024,1,8,18,12.5,100,0,0
2024,1,9,0,14.7,100,0,0.4
2024,1,9,6,16.4,91.4242,0,0.1
2024,1,9,12,16.4,85.7016,0,0
2024,1,9,18,11.8,100,0,0
2024,1,10,0,12,100,0,0
2024,1,10,6,16.7,84.0813,0,0
2024,1,10,12,14.4,91.2963,0,0
2024,1,10,18,11.6,100,0,0
2024,1,11,0,14,100,0,0.1
2024,1,11,6,16,82.372,0,0.1
2024,1,11,12,14.4,85.495,0,0
2024,1,11,18,14,93.6933,0,0
2024,1,12,0,14,87.7396,0,0
2024,1,12,6,16.2,81.3269,0,0
2024,1,12,12,15.1,87.2651,0,0.1
2024,1,12,18,14,93.6933,0,0
2024,1,12,21,11.2,100,0,0
2024,1,13,6,14,87.7396,0,0.1
2024,1,13,12,13.8,94.9181,0,0.2
2024,1,13,18,12.5,100,0,0.2
2024,1,14,0,12.7,100,0,0
2024,1,14,6,16.4,80.2966,0,0
2024,1,14,12,15.2,92.542,0,0.1
2024,1,14,18,12.8,100,0,0.3
2024,1,15,0,12.3,98.0444,0,0
2024,1,15,6,15.3,91.9492,0,0
2024,1,15,12,14.4,85.495,0,0.2
2024,1,15,18,13.8,94.9181,0,0.2
2024,1,16,0,13,100,0,0
2024,1,16,6,13.6,96.1609,0,0.2
2024,1,16,12,14.2,92.4861,0,0
2024,1,16,18,13.5,96.7892,0,0
2024,1,17,0,12.4,91.1656,0,0.2
2024,1,17,6,14.5,84.9439,0,0
2024,1,17,12,14,82.1218,0,0
2024,1,17,18,10.4,100,0,0
2024,1,18,0,9.2,100,0,0
2024,1,18,6,14.2,86.6091,0,0
2024,1,18,12,16.4,80.2966,0,0
2024,1,18,18,12.3,91.7668,0,0
2024,1,19,0,10.2,98.6709,0,0
2024,1,19,6,19,68.1529,0,0.1
2024,1,19,12,17.8,83.6643,0,0
2024,1,19,18,12.4,97.402,0,0.1
2024,1,20,0,12.2,98.6915,0,0
2024,1,20,6,15.5,90.7763,0,0.1
2024,1,20,12,17.5,90.9109,0,0
2024,1,20,18,13,93.6455,0,0.1
2024,1,21,0,11.6,100,0,0
2024,1,21,6,13.5,96.7892,0,0.1
2024,1,21,12,13,93.6455,0,0
2024,1,21,18,9,100,0,0
2024,1,22,0,11.5,96.7394,0,0.1
2024,1,22,6,13.2,86.5116,0,0.2
2024,1,22,12,14,93.6933,0,0
2024,1,22,18,8.8,100,0,0
2024,1,23,0,7.8,100,0,0
2024,1,23,6,19.2,63.0307,0,0.1
2024,1,24,0,9,100,0,0
2024,1,24,6,20.4,62.477,0,0
2024,1,24,12,18.2,76.4781,0,0
2024,1,24,18,12.2,92.3725,0,0
2024,1,25,0,9.4,100,0,0
2024,1,25,6,18.4,58.0202,0,0.1
2024,1,25,12,17,77.2925,0,0.1
2024,1,26,0,6.8,100,0,0
2024,1,26,6,16.4,70.3797,0,0
2024,1,26,12,17.5,74.8852,0,0
2024,1,26,18,9.8,100,0,0
2024,1,26,21,9.5,100,0,0
2024,1,27,0,8.5,100,0,0
2024,1,27,6,17,67.7466,0,0.1
2024,1,27,12,16.2,86.8012,0,0
2024,1,27,18,10,93.499,0,0.2
2024,1,28,0,7.7,100,0,0.2
2024,1,28,6,20,59.9731,0,0.1
2024,1,28,12,17.6,84.7262,0,0.1
2024,1,28,18,11.4,91.0992,0,0
2024,1,29,0,8.5,100,0,0
2024,1,29,6,22.6,51.1289,0,0.1
2024,1,29,12,19.5,75.2169,0,0
2024,1,29,18,12,100,0,0
2024,1,30,0,9,100,0,0
2024,1,30,6,22,53.0318,0,0.1
2024,1,30,12,18.5,85.367,0,0
2024,1,30,18,14.6,100,0,0
2024,1,31,0,12.8,100,0,0
2024,1,31,6,21.5,62.3189,0,0
2024,1,31,12,20,77.7481,0,0
2024,1,31,18,14,93.6933,0,0.1
2024,2,1,0,12.2,98.6915,0,0.1
2024,2,1,6,21.7,61.5605,0,0.1
2024,2,1,12,21,73.0935,0,0
2024,2,1,18,15.5,96.8378,0,0
2024,2,2,0,12,100,0,0
2024,2,2,6,24,53.5451,0,0.2
2024,2,2,12,19.4,75.6864,0,0
2024,2,2,18,15,93.7405,0,0
2024,2,3,0,10.8,100,0,0.1
2024,2,3,6,22.5,48.1471,0,0.4
2024,2,3,12,18.5,70.3185,0,0
2024,2,3,18,11.5,100,0,0
2024,2,4,0,10.3,98.0137,0,0.1
2024,2,4,6,21.7,50.5546,0,0.1
2024,2,4,12,20,64.0427,0,0
2024,2,4,18,13.4,85.39,0,0
2024,2,5,0,11.4,91.0992,0,0
2024,2,5,6,23.4,42.6499,0,0.1
2024,2,5,12,19.4,75.6864,0,0
2024,2,5,18,16.3,86.2494,0,0
2024,2,6,0,15.2,92.542,0,0
2024,2,6,6,22,68.7495,0,0.2
2024,2,6,12,20.6,74.9167,0,0.1
2024,2,6,18,14,93.6933,0,0.2
2024,2,7,0,13.4,91.2313,0,0.2
2024,2,7,6,20.2,51.8653,0,0.3
2024,2,7,12,17.2,71.4696,0,0
2024,2,7,18,11,100,0,0
2024,2,8,0,8.7,100,0,0
2024,2,8,6,21.2,45.5946,0,0.1
2024,2,8,12,18.7,65.0304,0,0.1
2024,2,8,18,11.4,91.0992,0,0
2024,2,9,0,9.2,92.1972,0,0
2024,2,9,6,21.7,54.013,0,0.2
2024,2,9,12,19.5,70.5087,0,0
2024,2,9,18,12.5,96.7644,0,0
2024,2,10,0,9.8,94.7604,0,0
2024,2,10,12,22.3,59.3468,0,0
2024,2,10,18,13.3,85.9487,0,0
2024,2,11,0,11.4,100,0,0
2024,2,11,6,25.3,40.6812,0,0.1
2024,2,11,12,22.4,67.0937,0,0
2024,2,11,18,14.1,93.0875,0,0
2024,2,12,0,10.8,100,0,0
2024,2,12,6,26,44.5233,0,0.1
2024,2,12,12,21.6,61.9384,0,0
2024,2,12,18,13,93.6455,0,0
2024,2,13,0,10.4,97.3615,0,0.1
2024,2,13,6,27.4,31.4303,0,0.1
2024,2,13,12,21.4,66.889,0,0
2024,2,13,18,14.5,96.8136,0,0
2024,2,14,0,12.6,100,0,0
2024,2,14,6,24.2,49.5689,0,0.1
2024,2,14,12,22.5,80.6,0,0.1
2024,2,14,18,16.8,95.0318,0,0
2024,2,15,0,14.8,100,0,0
2024,2,15,6,25,53.7991,0,0.1
2024,2,15,12,23.5,71.2529,0,0
2024,2,15,18,17.5,96.8854,0,0
2024,2,16,0,15,93.7405,0,0
2024,2,16,6,24,57.1205,0,0.2
2024,2,16,12,24,73.6111,0,0
2024,2,16,18,17.3,92.0675,0,0
2024,2,17,0,14,93.6933,0,0
2024,2,17,6,26,50.6934,0,0.2
2024,2,17,12,23.2,63.9149,0,0
2024,2,17,18,16.4,85.7016,0,0
2024,2,18,0,13,100,0,0
2024,2,18,6,25.4,49.2436,0,0.2
2024,2,18,12,21.5,66.4802,0,0
2024,2,18,18,13.8,94.9181,0,0
2024,2,19,0,11.5,100,0,0.2
2024,2,19,6,25.5,45.8644,0,0.1
2024,2,19,12,21.8,79.0039,0,0
2024,2,19,18,16,93.7872,0,0
2024,2,20,0,15,100,0,0
2024,2,20,6,24.7,58.4004,0,0.2
2024,2,20,12,22.4,76.1649,0,0.2
2024,2,20,18,17.5,96.8854,0,0
2024,2,21,0,18.6,100,0,0
2024,2,21,6,21.4,80.9625,0,0.1
2024,2,21,12,22.2,77.0983,0,0
2024,2,21,18,15.8,100,0,0
2024,2,22,0,18.5,96.9088,0.3,0.1
2024,2,22,6,21,82.9759,0,0.1
2024,2,22,12,22.2,72.3792,0.1,0
2024,2,22,18,17.8,95.0689,0,0
2024,2,23,0,17,93.8334,0.1,0
2024,2,23,6,25.5,52.2203,0,0
2024,2,23,12,24,57.1205,0,0.2
2024,2,23,18,16,93.7872,0,0.1
2024,2,24,0,12.8,100,0,0.1
2024,2,24,6,24,41.1353,0,0.2
2024,2,24,12,23.2,56.1918,0,0
2024,2,24,18,17.3,86.3476,0,0
2024,2,25,0,16.3,86.2494,0,0.1
2024,2,25,6,23.4,48.7101,0,0.2
2024,2,25,12,21,64.2613,0,0.1
2024,2,25,18,14.4,85.495,0,0.1
2024,2,26,0,13.2,92.4296,0,0.1
2024,2,26,6,21,56.3826,0,0.2
2024,2,26,12,21.5,75.5425,0,0
2024,2,26,18,15.5,96.8378,0,0
2024,2,27,0,13,100,0,0
2024,2,27,6,25.4,37.8308,0,0
2024,2,27,12,23.8,57.8121,0,0
2024,2,27,18,16.7,95.6375,0,0
2024,2,28,0,12.7,100,0,0
2024,2,28,6,26.5,35.4433,0,0.3
2024,2,28,12,23,56.8763,0,0
2024,2,28,18,15.2,92.542,0,0
2024,2,29,0,13.4,97.422,0,0
2024,2,29,6,26.5,49.2166,0,0.2
2024,2,29,12,25,57.3629,0,0.2
2024,2,29,18,15.5,96.8378,0,0
2024,3,1,0,13.2,92.4296,0,0
2024,3,1,6,26.2,43.9993,0,0.2
2024,3,1,12,24.2,60.1768,0,0
2024,3,1,18,16,93.7872,0,0
2024,3,2,0,13.6,100,0,0
2024,3,2,6,28.3,36.4252,0,0.1
2024,3,2,12,25.5,63.2075,0,0
2024,3,2,18,18,93.8791,0,0
2024,3,3,0,15.5,100,0,0
2024,3,3,6,28.8,43.0184,0,0.1
2024,3,3,12,25.3,60.0491,0,0.1
2024,3,3,18,21,82.9759,0,0
2024,3,4,0,17.4,91.4871,0,0.1
2024,3,4,6,26,57.6037,0,0.2
2024,3,4,12,26,61.3594,0,0
2024,3,4,18,19.4,86.0035,0,0
2024,3,5,0,16.3,92.0087,0,0
2024,3,5,6,27.4,35.934,0,0.3
2024,3,5,12,25,47.251,0,0
2024,3,5,18,17,88.0038,0,0.2
2024,3,6,0,13,93.6455,0,0
2024,3,6,6,27,34.4145,0,0.3
2024,3,6,12,24.2,52.9055,0,0.1
2024,3,6,18,15.3,86.1502,0,0
2024,3,7,0,12.7,95.5031,0,0
2024,3,7,6,27,32.1772,0,0.3
2024,3,7,12,24,53.5451,0,0
2024,3,7,18,15,93.7405,0,0
2024,3,8,0,12.5,100,0,0.1
2024,3,8,6,26.5,43.2263,0,0.2
2024,3,8,12,25.2,40.9243,0,0.2
2024,3,8,18,14.8,94.9565,0,0
2024,3,9,0,12,93.5972,0,0
2024,3,9,6,28,28.3582,0,0.3
2024,3,11,6,,,,
2024,3,11,12,26,61.3594,0,0
2024,3,11,18,18.1,87.5377,0,0
2024,3,12,0,14.4,91.2963,0,0
2024,3,12,6,29.4,41.5496,0,0
2024,3,12,12,27.1,50.655,0,0
2024,3,12,18,18,88.09,0,0
2024,3,13,0,15.1,93.1391,0,0
2024,3,13,6,30,40.1371,0,0.2
2024,3,13,12,27.5,56.1698,0,0.1
2024,3,13,18,20,88.2598,0,0.1
2024,3,14,0,18,93.8791,0,0
2024,3,14,6,30.5,34.2542,0,0.2
2024,3,14,12,27.8,42.7441,0,0
2024,3,14,18,18,93.8791,0,0
2024,3,15,0,21,100,0,0.2
2024,3,15,6,30.6,31.8943,0,0.1
2024,3,15,12,28.5,49.7418,0,0.2
2024,3,15,18,18.5,96.9088,0,0.1
2024,3,16,0,18,93.8791,0,0
2024,3,16,6,30.6,44.0645,0,0.3
2024,3,16,12,29,39.8608,0,0.2
2024,3,16,18,19.6,90.4783,0,0
2024,3,17,0,18.5,96.9088,0,0
2024,3,17,6,32,35.8053,0,0.2
2024,3,17,12,30.6,46.9374,0,0.1
2024,3,17,18,20,93.969,0,0.1
2024,3,18,0,17.2,92.652,0,0
2024,3,18,6,32,29.449,0,0.1
2024,3,18,12,29,58.3156,0,0
2024,3,18,15,22.5,91.235,0,0
2024,3,18,18,21.5,91.1715,0,0
2024,3,19,0,20.6,90.5469,0,0
2024,3,19,6,29.4,41.5496,0,0.3
2024,3,19,12,29,62.0291,0,0
2024,3,19,18,23.1,77.7186,0,0
2024,3,20,0,19.4,86.0035,0,0.2
2024,3,20,6,19.4,91.6109,2.5,0.2
2024,3,20,12,19,88.1753,0.9,0.3
2024,3,20,18,18.2,86.9893,0,0.2
2024,3,21,0,19,88.1753,0.2,0.1
2024,3,21,6,24.4,63.3666,0,0.1
2024,3,21,12,21.7,79.4885,1.2,0
2024,3,21,18,18.6,90.4089,0,0
2024,3,22,0,16.6,100,0,0
2024,3,22,6,25,69.3309,0,0.2
2024,3,22,12,25.4,56.0117,0,0.2
2024,3,22,18,18.6,96.3035,0,0
2024,3,23,0,18,93.8791,0,0
2024,3,23,6,26,54.0515,0,0.2
2024,3,23,12,20.6,90.5469,2,0.2
2024,3,23,18,20,88.2598,0,0.2
2024,3,24,0,19.4,91.6109,0.1,0.2
2024,3,24,6,22.2,82.0856,0,0.3
2024,3,24,9,24,73.6111,0,0.1
2024,3,24,12,23,78.1907,0,0.1
2024,3,24,18,20,93.969,0,0.1
2024,3,25,0,20.2,87.1735,0,0.1
2024,3,25,6,28.5,63.8559,0,0.2
2024,3,25,12,28.6,67.4971,0,0
2024,3,25,18,22.5,91.235,0,0.1
2024,3,26,0,18,93.8791,0.4,0
2024,3,26,6,21.5,75.5425,0.4,0.2
2024,3,26,12,23.2,77.2498,0,0.1
2024,3,26,18,20.5,85.572,0,0.3
2024,3,27,0,19.8,89.3613,0,0.3
2024,3,27,6,25.2,68.5088,0,0.4
2024,3,27,12,24.4,59.4591,0,0.2
2024,3,28,12,27,69.7103,0,0
2024,3,28,18,22.2,87.3539,0,0.1
2024,3,29,0,21,82.9759,0,0
2024,3,29,6,29.4,60.6101,0,0.1
2024,3,29,12,29.2,69.2764,0,0
2024,3,29,18,24,94.143,0,0
2024,3,30,0,22.3,92.3522,0,0
2024,3,30,6,29,62.0291,0,0.2
2024,3,30,12,28.8,75.3117,0,0
2024,3,30,18,23.4,91.8507,0,0
2024,3,31,0,23.8,95.2829,0,0.1
2024,3,31,6,30.8,71.2597,0,0.1
2024,3,31,12,30.4,60.8352,0,0.4
2024,3,31,18,26.5,86.1628,0,0.3
2024,4,1,0,23.8,100,0,0.3
2024,4,1,6,32,46.1422,0,0.4
2024,4,1,12,30.5,47.2071,0,0.3
2024,4,1,18,24,60.9043,0,0.2
2024,4,2,0,22,78.0446,0,0.2
2024,4,2,6,31.4,30.4701,0,0.4
2024,4,2,12,29.6,38.5017,0,0.2
2024,4,2,18,20,88.2598,0,0
2024,4,3,0,18.5,96.9088,0,0.1
2024,4,3,6,31.8,31.8061,0,0.3
2024,4,3,18,20.5,91.1074,,0
2024,4,4,0,19,93.9243,0,0.1
2024,4,4,6,31.5,53.7349,0,0.2
2024,4,4,12,31,62.4672,0,0
2024,4,10,6,31.8,49.6639,0,0.2
2024,4,10,12,30.6,60.1419,0,0.1
2024,4,10,18,24.2,72.7318,0,0.2
2024,4,11,0,21,77.897,0,0.2
2024,4,11,6,29.8,49.1445,0,0.2
2024,4,11,9,30.7,52.8774,0,0.1
2024,4,11,12,28.2,73.4184,0,0
2024,4,11,18,23,94.1002,0,0
2024,4,12,0,20.6,85.0456,0,0.2
2024,4,12,6,31.5,50.5179,0,0.2
2024,4,12,12,30.7,59.7985,0,0
2024,4,12,18,24,94.143,0,0
2024,4,13,0,21.7,95.7971,0,0
2024,4,13,6,32.6,50.4876,0,0
2024,4,13,12,31.6,60.3678,0,0.2
2024,4,13,18,24.6,90.8144,0,0
2024,4,14,0,22,94.057,0,0
2024,4,14,6,33.2,43.1204,0,0.1
2024,4,14,12,32,59.0124,0,0
2024,4,14,18,25.3,87.0972,0,0
2024,4,15,0,23.4,91.8507,0,0
2024,4,15,6,35,46.9322,0,0
2024,4,15,12,33.3,61.8467,0,0
2024,4,15,18,26.3,87.1866,0,0
2024,4,16,0,24.8,84.4403,0,0
2024,4,16,6,31.1,65.9758,0,0.1
2024,4,16,12,29.2,65.1892,0,0.1
2024,4,16,18,25,83.4376,0,0.2
2024,4,17,0,23,88.5078,0,0.2
2024,4,17,6,33.4,51.3146,0,0
2024,4,17,12,32.5,57.3661,0,0
2024,4,17,18,24.5,91.3599,0,0
2024,4,18,0,22,88.426,0,0.2
2024,4,18,6,31.1,58.4472,0,0.3
2024,4,18,12,29.6,67.6938,0,0.2
2024,4,18,18,24.6,80.3778,0,0.2
2024,4,19,0,23.4,81.2199,0,0.1
2024,4,19,6,32,52.2305,0,0.1
2024,4,19,12,31.6,64.1235,0,0
2024,4,19,18,25.4,76.6303,0,0.4
2024,4,20,0,23,83.209,0,0.4
2024,4,20,6,28.5,67.8907,0,0.2
2024,4,20,12,34.4,40.3201,0,0
2024,4,20,18,24,83.3239,0,0
2024,4,21,0,22,88.426,0,0.2
2024,4,21,6,34,56.0107,0,0.2
2024,4,21,12,32,59.0124,0,0.2
2024,4,21,18,23.5,91.2978,0,0
2024,4,22,0,21.2,87.2641,0,0.2
2024,4,22,6,33,59.2413,0,0.2
2024,4,22,12,31,66.3535,0,0
2024,4,22,18,24.2,82.3286,0,0
2024,4,23,0,24,83.3239,0,0.2
2024,4,23,6,34,38.7251,0,0.2
2024,4,23,12,32.4,48.0043,0,0.1
2024,4,23,18,27,78.7617,0,0
2024,4,24,0,24,83.3239,0,0.1
2024,4,24,6,36.4,29.8663,0,0.2
2024,4,24,12,32.9,56.0864,0,0
2024,4,24,18,26,83.5503,0,0.2
2024,4,25,0,23,94.1002,0,0.2
2024,4,25,6,33.5,51.0275,0,0.5
2024,4,25,12,33,49.3622,0,0
2024,4,25,18,23,88.5078,0,0
2024,4,26,0,22.4,91.7917,0,0
2024,4,26,6,34.5,54.4703,0,0.3
2024,4,26,12,34.2,49.0682,0,0
2024,4,26,18,26.4,72.2193,0,0.1
2024,4,27,0,24,78.3355,0,0.2
2024,4,27,12,31,70.4499,0,0.1
2024,4,27,18,25.5,91.4213,0,0
2024,4,28,0,24,94.143,0,0
2024,4,28,6,36.2,43.9223,0,0.4
2024,4,28,12,35.4,38.1428,0,0.2
2024,4,28,18,27.5,81.2422,0,0
2024,4,29,0,23,88.5078,0,0.1
2024,4,29,6,33.6,47.7267,0,0
2024,4,29,12,34.6,47.9868,0,0
2024,4,29,18,24.6,90.8144,0,0
2024,4,30,0,23.5,91.2978,0,0.1
2024,4,30,6,35.6,37.7235,0,0.2
2024,4,30,12,34,52.7302,0,0
2024,4,30,18,25.4,76.6303,0,0
2024,5,1,0,23.4,86.3919,0,0
2024,5,1,6,34.1,55.6987,0,0.1
2024,5,1,12,32.3,48.2765,0,0
2024,5,1,18,24.1,88.0579,0,0
2024,5,2,0,23.3,86.9155,0,0
2024,5,2,6,35,24.889,0,0.2
2024,5,2,12,33.3,42.8789,0,0
2024,5,2,18,21,68.5523,0,0.2
2024,5,3,0,22.6,96.4119,0,0.1
2024,5,3,6,33.5,35.0812,0,0.2
2024,5,3,12,32.2,42.8505,0,0
2024,5,3,18,23.4,76.3215,0,0
2024,5,4,0,21.6,90.6149,0,0.1
2024,5,4,6,31.5,32.353,0,0.2
2024,5,4,12,31.6,64.1235,0,0.1
2024,5,4,18,24.4,86.4866,0,0.2
2024,5,5,0,23.4,86.3919,0,0.1
2024,5,5,6,29.6,63.7,0,0.1
2024,5,5,12,24.6,80.3778,0,0.4
2024,5,5,18,22,78.0446,0,0.5
2024,5,6,0,21.2,87.2641,0.1,0.2
2024,5,6,6,23.6,85.3554,0,0.3
2024,5,6,12,23.8,79.284,0,0.3
2024,5,6,18,22.5,85.773,0,0.2
2024,5,7,0,22,83.093,0,0.2
2024,5,7,6,24.6,75.5658,0,0.3
2024,5,7,12,25,83.4376,0.1,0
2024,5,7,18,23.3,81.7121,0,0.2
2024,5,8,0,21,88.3433,0,0
2024,5,8,6,24.4,86.4866,0.1,0.1
2024,5,8,12,27.3,72.8204,0,0
2024,5,8,18,22.2,92.9166,0,0
2024,5,9,0,20.1,93.3887,0,0
2024,5,9,6,31.4,47.7422,0,0.1
2024,5,9,12,27.2,60.8649,0,0.2
2024,5,9,18,23.2,82.2077,0,0
2024,5,10,0,22.6,90.6821,0,0.1
2024,5,10,6,30,58.5495,0,0.1
2024,5,10,12,30.8,55.9238,0,0.1
2024,5,10,18,23,88.5078,0,0
2024,5,11,0,22.5,91.235,0,0
2024,5,11,6,32,52.2305,0,0.2
2024,5,11,12,30.4,57.2197,0,0.1
2024,5,11,18,25.6,80.5091,0,0.1
2024,5,12,0,22.5,96.9997,0,0
2024,5,12,6,33,49.3622,0,0.1
2024,5,12,12,29.5,68.0856,0,0.1
2024,5,12,18,24.4,86.4866,0,0
2024,5,13,0,24,94.143,0,0
2024,5,13,6,35,44.143,0,0
2024,5,13,12,31,62.4672,0,0
2024,5,13,18,26.1,88.2242,0,0
2024,5,14,0,24.4,91.909,0,0
2024,5,14,6,35.3,43.4153,0,0
2024,5,14,12,33.3,65.6357,0,0
2024,5,14,18,27.1,88.3061,0,0
2024,5,15,0,25,88.6689,0,0
2024,5,15,6,36.2,46.6761,0,0.1
2024,5,15,12,34.4,54.7745,0,0.1
2024,5,15,18,28.3,82.3196,0,0.1
2024,5,16,0,25.5,97.0653,0,0
2024,5,16,6,38.3,39.1651,0,0.3
2024,5,16,12,35.2,55.6281,0,0
2024,5,16,15,,,,
2024,5,16,18,28,88.9044,0,0
2024,5,17,0,25,88.6689,0,0
2024,5,17,6,37,44.6725,0,0.1
2024,5,17,12,35.5,58.0642,0,0.2
2024,5,18,0,27.5,86.2578,0,0.3
2024,5,18,6,32,55.5308,0,0.2
2024,5,18,12,29.8,66.9178,0,0.2
2024,5,18,18,24,94.143,2.2,0.5
2024,5,19,0,23.5,97.0218,0.6,0
2024,5,19,6,32.7,56.7222,0,0.1
2024,5,19,12,31.7,67.6964,0,0.1
2024,5,19,18,23,88.5078,1.3,0
2024,5,20,0,22.8,100,0.7,0
2024,5,20,6,27,78.7617,0.5,0.1
2024,5,20,12,29.5,72.3214,0,0
2024,5,20,18,26,83.5503,0,0
2024,5,21,0,25.8,84.5468,0,0.1
2024,5,21,6,32.6,57.0432,0,0.1
2024,5,21,12,32.8,71.6126,0,0
2024,5,21,18,28,88.9044,0,0
2024,5,22,0,26.6,90.944,0,0
2024,5,22,6,30.5,64.2798,0,0
2024,5,22,12,30.1,74.1777,0,0
2024,5,22,18,26.8,89.8784,0,0
2024,5,23,0,25.4,91.9668,0,0
2024,5,23,6,36,47.1927,0,0.1
2024,5,23,12,35.3,55.3209,0,0
2024,5,23,18,28.3,87.3629,0,0
2024,5,24,0,26.3,92.5692,0,0
2024,5,24,3,36.4,43.4422,0,0.1
2024,5,24,12,37,53.4678,0,0.2
2024,5,24,18,29,94.3502,0,0
2024,5,25,0,28,88.9044,0,0
2024,5,25,6,37.2,46.936,0,0.1
2024,5,25,12,35.5,48.5128,0,0.2
2024,5,25,18,,,,
2024,5,26,0,27.7,85.2537,0,0
2024,5,26,6,35.5,54.7123,0,0.3
2024,5,26,12,34.4,51.5664,0,0.1
2024,5,26,18,27.5,91.5423,2.1,0.2
2024,5,27,0,26.5,91.4821,0.4,0.3
2024,5,27,6,27.5,91.5423,0.2,0.3
2024,5,27,12,26,88.7482,0.8,0.4
2024,5,27,18,25.5,91.4213,0.4,0.4
2024,5,28,0,24.5,97.0437,2.2,0.3
2024,5,28,6,31,70.4499,0.9,0
2024,5,28,12,30.5,76.9354,0,0
2024,5,28,18,28.8,79.9612,0,0.2
2024,5,29,0,28,88.9044,0,0.1
2024,5,29,6,32.5,81.8543,0,0.2
2024,5,29,12,32,79.4459,0,0
2024,5,29,18,23,88.5078,0.2,0.4
2024,5,30,0,23.6,96.4382,1.1,0.1
2024,5,30,6,22.2,92.9166,3.8,0.1
2024,5,30,12,25,88.6689,0,0
2024,5,30,18,24.5,97.0437,0.2,0.1
2024,5,31,0,22.5,96.9997,2.1,0.1
2024,5,31,6,26.7,80.165,1,0.2
2024,5,31,12,29.5,81.4905,0,0.2
2024,5,31,18,27,88.8267,0,0
2024,6,1,0,26,94.2272,0,0
2024,6,3,6,31.4,68.8613,0,0.1
2024,6,3,12,32.5,72.8351,0,0
2024,6,3,18,23.8,95.2829,1.6,0.2
2024,6,4,0,24.7,95.8888,0,0.2
2024,6,4,6,29.2,78.1292,0.7,0.1
2024,6,4,12,30,74.6054,0,0
2024,6,4,18,27,88.8267,0,0
2024,6,5,0,22.7,100,3.8,0
2024,6,5,6,30.5,72.4941,0,0.1
2024,6,5,12,31,74.766,0,0
2024,6,5,18,28,83.7722,0,0.2
2024,6,6,0,25,94.1853,2.6,0.2
2024,6,6,6,30,66.1518,0,0
2024,6,6,12,32,66.5536,0,0
2024,6,6,18,27.2,87.789,0,0
2024,6,7,0,25.7,95.9187,0,0
2024,6,7,6,34.6,57.5122,0,0.2
2024,6,7,12,33,70.8105,0,0.1
2024,6,7,18,27.4,86.7648,0,0.1
2024,6,8,0,27,88.8267,0,0
2024,6,8,6,31.5,68.4705,0.4,0.1
2024,6,8,12,31,74.766,0,0
2024,6,8,18,28.5,91.6019,0,0
2024,6,9,0,24.5,97.0437,16.1,0.3
2024,6,9,6,28,88.9044,0.1,0.1
2024,6,9,12,28.4,81.8417,0,0
2024,6,9,18,27,94.2687,0,0
2024,6,10,0,25.4,91.9668,2,0.1
2024,6,10,6,30.4,68.6714,0,0.1
2024,6,10,12,30.2,73.7527,0,0
2024,6,10,18,27.3,87.2752,0,0.1
2024,6,11,0,27,88.8267,0,0
2024,6,11,6,31,62.4672,0,0.2
2024,6,11,12,31.4,73.0801,0,0
2024,6,11,18,28,88.9044,0,0.2
2024,6,12,0,27.7,90.4767,0,0
2024,6,12,6,30.8,80.2233,3.8,0
2024,6,12,12,31.7,80.8101,0,0.1
2024,6,12,18,27.3,92.6221,0.1,0.2
2024,6,13,0,25.5,97.0653,1.6,0.1
2024,6,13,6,29,79.0392,0,0.1
2024,6,13,12,30.6,81.1467,0,0.1
2024,6,13,18,26.6,90.944,0,0.4
2024,6,14,0,24,94.143,4.5,0.1
2024,6,14,6,27.2,82.6843,0.7,0
2024,6,14,12,28,83.7722,0,0
2024,6,14,18,27.2,93.1673,0,0
2024,6,15,0,25,94.1853,7.2,0
2024,6,15,6,26,94.2272,1.2,0.2
2024,6,15,12,26.5,91.4821,0,0.2
2024,6,15,18,26.5,91.4821,0,0.2
2024,6,16,0,23.7,100,11.8,0.2
2024,6,16,6,24.6,96.4643,3.3,0.1
2024,6,16,12,26.5,91.4821,0,0.2
2024,6,16,18,26,94.2272,0,0.2
2024,6,17,0,26,94.2272,0,0.2
2024,6,17,6,26,88.7482,0,0.2
2024,6,17,12,26.8,89.8784,0,0
2024,6,17,18,25.5,97.0653,0,0.1
2024,6,18,0,23,100,11.5,0.3
2024,6,18,6,24.2,93.0185,2.2,0
2024,6,18,12,25.5,91.4213,0.2,0
2024,6,18,18,24.7,95.8888,0.5,0.2
2024,6,19,0,24.5,100,,0.2
2024,6,19,6,25,94.1853,3.6,0.1
2024,6,19,12,25,94.1853,0,0
2024,6,19,18,24.1,100,0.9,0.1
2024,6,20,0,23.4,100,4,0.1
2024,6,20,6,26.1,88.2242,0.3,0.1
2024,6,20,12,28,83.7722,0,0.1
2024,6,20,18,26.1,93.6709,0,0.1
2024,6,21,0,25,94.1853,0,0
2024,6,21,6,31.4,64.8573,0,0.2
2024,6,21,12,32,74.9252,0,0.1
2024,6,21,18,28,94.3097,0,0
2024,6,22,0,27.7,95.9775,0.1,0
2024,6,22,6,31,74.766,0,0.2
2024,6,22,12,31,74.766,0,0
2024,6,22,18,27.3,87.2752,0,0
2024,6,23,0,27,94.2687,0.1,0
2024,6,23,6,32.2,65.8039,0.1,0.1
2024,6,23,12,33,66.7521,0,0.1
2024,6,23,18,29.6,85.9476,0,0.2
2024,6,24,0,28.5,97.1288,0,0.1
2024,6,24,6,34.2,66.2055,0,0.1
2024,6,24,12,31.2,78.4117,0,0.1
2024,6,24,18,29.5,86.445,0,0.2
2024,6,25,0,28.5,97.1288,0,0.1
2024,6,25,6,29.8,80.0929,0,0
2024,6,25,12,31,79.3116,0,0
2024,6,25,18,28,88.9044,0,0
2024,6,26,0,27.6,96.5409,0,0
2024,6,26,6,34,63.1119,0,0
2024,6,26,12,33.5,73.0033,0,0.1
2024,6,26,18,28.5,97.1288,0,0
2024,6,27,0,26,94.2272,5.2,0.1
2024,6,27,6,27,100,0.6,0.1
2024,6,27,12,31.4,73.0801,0,0.1
2024,6,27,18,28.4,92.1364,0,0.1
2024,6,28,0,27.3,87.2752,0,0.2
2024,6,28,6,30,83.9898,0,0.1
2024,6,28,12,28,88.9044,0.9,0
2024,6,28,18,27.4,92.0804,0,0
2024,6,29,0,27.3,92.6221,0,0
2024,6,29,6,31,74.766,0.2,0.1
2024,6,29,12,28.8,84.86,0,0.2
2024,6,29,18,28.2,87.8734,0,0.3
2024,6,30,0,27.8,95.4179,0,0.1
2024,6,30,6,27.6,96.5409,1.7,0
2024,6,30,12,27.9,94.862,0.2,0
2024,6,30,18,27.3,92.6221,0.7,0
2024,7,1,0,27,100,0.5,0.1
2024,7,1,6,28.5,97.1288,1,0.1
2024,7,1,12,28.5,91.6019,0,0.2
2024,7,1,18,25.5,100,1.9,0.3
2024,7,2,0,25.5,100,3.3,0
2024,7,2,6,26,100,3.5,0.1
2024,7,2,12,27,94.2687,0.3,0.1
2024,7,2,18,26,100,0.3,0.1
2024,7,3,0,25.7,100,0.9,0.1
2024,7,3,6,27.6,91.0078,0,0.1
2024,7,3,12,29.2,78.1292,0.3,0.1
2024,7,3,18,27.2,87.789,0,0
2024,7,4,0,26.5,97.0867,0,0.1
2024,7,4,6,31,74.766,0,0.2
2024,7,4,12,28,88.9044,0,0.2
2024,7,4,18,26.6,100,1.7,0.1
2024,7,5,0,26.2,93.1182,0.2,0.2
2024,7,5,6,29,83.8815,0.5,0.1
2024,7,5,12,27.4,92.0804,0.3,0.1
2024,7,5,18,27.3,92.6221,0,0.3
2024,7,6,0,26.5,97.0867,0.1,0.1
2024,7,6,6,30,79.1761,0,0.2
2024,7,6,12,28,83.7722,0,0
2024,7,6,18,27,94.2687,0,0.1
2024,7,7,0,26.7,95.9483,0,0
2024,7,7,6,30.3,77.823,0.3,0
2024,7,7,12,30.4,72.9109,0,0
2024,7,7,18,28,94.3097,0,0
2024,7,8,0,27.4,92.0804,2,0
2024,7,8,6,32,70.631,0,0.2
2024,7,8,12,31,79.3116,0,0
2024,7,8,18,28.1,93.761,0,0.1
2024,7,9,0,27.8,95.4179,0,0.2
2024,7,9,6,34,63.1119,0,0.1
2024,7,9,12,30.6,81.1467,2.4,0.1
2024,7,9,18,28,88.9044,0.3,0
2024,7,10,0,27,94.2687,2.4,0.1
2024,7,10,6,30.6,81.1467,0.5,0
2024,7,10,12,30.5,86.5372,0,0
2024,7,10,18,28,94.3097,0.3,0
2024,7,11,0,26.5,100,1.8,0
2024,7,11,6,27.5,97.1079,1.6,0
2024,7,11,12,28,94.3097,1.2,0
2024,7,11,18,25.5,97.0653,0.2,0
2024,7,12,0,25.1,99.4052,0.7,0.1
2024,7,12,6,28.5,86.3519,0.1,0.2
2024,7,12,12,,,,
2024,7,12,18,28.2,82.8006,0,0.1
2024,7,13,0,26.8,95.3847,0,0.1
2024,7,13,6,29.7,85.4534,0.2,0.1
2024,7,13,12,30,79.1761,0.1,0
2024,7,13,18,28.3,92.6743,0,0
2024,7,14,0,27.3,92.6221,0,0
2024,7,14,6,32,70.631,0,0.1
2024,7,14,12,31.4,68.8613,0,0
2024,7,14,18,28.8,95.4508,0,0
2024,7,15,0,28.1,88.3872,0,0
2024,7,15,6,34.4,61.719,0,0.2
2024,7,15,12,29.5,86.445,0,0.1
2024,7,15,18,28.3,92.6743,0.1,0.2
2024,7,16,0,27.4,92.0804,0.4,0
2024,7,16,6,30.4,77.3778,0.4,0.1
2024,7,16,12,31.3,69.2547,0,0
2024,7,16,18,28.5,91.6019,0,0
2024,7,17,0,28,94.3097,0,0
2024,7,17,6,34.8,56.8763,0,0.1
2024,7,17,12,34,63.1119,0,0.1
2024,7,17,18,30,94.3903,0,0
2024,7,18,0,28.2,93.2159,0.1,0
2024,7,18,6,31,79.3116,0.2,0
2024,7,18,12,32.5,77.2297,0,0.1
2024,7,19,6,34,63.1119,0,0
2024,7,20,6,32,70.631,0,0.2
2024,7,21,12,32.5,72.8351,0,0.1
2024,7,22,18,27.5,91.5423,4.7,0.1
2024,7,23,0,27.4,92.0804,0.9,0
2024,7,24,12,,,,
2024,7,25,0,28,88.9044,0,0.1
2024,7,25,6,33,66.7521,0,0.2
2024,7,25,12,,,,
2024,7,26,12,31,79.3116,0.3,0.1
2024,7,26,18,,,,
2024,7,27,6,35.6,64.9509,0,0.1
2024,7,27,18,31,84.0971,0,0
2024,7,28,12,34.5,65.1078,0,0
2024,7,28,18,30.5,97.1701,0,0
2024,7,29,0,29,83.8815,0,0.1
2024,7,29,6,32.1,66.1775,0,0.2
2024,7,30,6,33,66.7521,0,0.2
2024,7,30,12,32.2,65.8039,0,0.1
2024,7,30,18,29,83.8815,0,0.1
2024,7,31,0,28,88.9044,0,0.2
2024,7,31,6,33.3,69.6263,0,0.1
2024,7,31,12,32.5,77.2297,0,0.1
2024,7,31,18,28.5,86.3519,0,0
2024,8,1,0,27.7,90.4767,0,0
2024,8,1,6,33.5,64.9032,0,0.2
2024,8,1,12,28,83.7722,0.8,0.2
2024,8,1,18,28,78.9011,0,0.2
2024,8,2,0,26,94.2272,0,0.2
2024,8,2,6,26.2,93.1182,1.1,0.2
2024,8,2,12,26.5,91.4821,1.1,0.1
2024,8,2,18,27,88.8267,0,0.3
2024,8,3,0,25.5,100,1.2,0.2
2024,8,3,6,26.2,98.8231,2.9,0.1
2024,8,3,12,27.2,87.789,1.9,0.2
2024,8,3,18,26,94.2272,0.4,0.1
2024,8,4,0,26,94.2272,0.1,0
2024,8,4,6,28.5,91.6019,0.1,0.1
2024,8,4,12,,,,
2024,8,4,18,27.5,91.5423,0,0.2
2024,8,5,0,27.3,92.6221,0,0.1
2024,8,5,12,30.2,83.0298,0.2,0
2024,8,5,18,27,94.2687,1.8,0
2024,8,6,0,26.2,93.1182,0.2,0
2024,8,6,6,31,74.766,0.1,0.3
2024,8,6,12,29,79.0392,0,0.1
2024,8,6,18,28,88.9044,0,0.1
2024,8,7,0,26.8,89.8784,0,0
2024,8,7,6,31.4,68.8613,0,0.2
2024,8,7,12,31,70.4499,0,0.2
2024,8,7,18,28.4,86.8557,0,0.1
2024,8,8,0,26.4,92.0239,0.3,0.2
2024,8,8,6,32.1,70.2319,0,0.2
2024,8,8,12,28.7,85.354,0.1,0.2
2024,8,8,18,27.5,91.5423,0,0
2024,8,9,0,26.7,95.9483,0,0.1
2024,8,9,6,31.5,72.6653,0,0.2
2024,8,9,12,30.4,72.9109,0,0
2024,8,9,18,27.8,89.9492,0,0
2024,8,10,0,27,94.2687,0,0.1
2024,8,10,6,32,66.5536,0,0.1
2024,8,10,12,28.2,87.8734,0.2,0.1
2024,8,10,18,27.6,96.5409,0,0.2
2024,8,11,0,27,94.2687,0,0
2024,8,11,6,28,94.3097,1.6,0.1
2024,8,11,12,29.5,86.445,0.1,0.1
2024,8,11,18,27.4,92.0804,0,0
2024,8,12,0,27,94.2687,0,0
2024,8,12,6,31,74.766,0,0.1
2024,8,12,12,31.6,76.6461,0,0.2
2024,8,12,18,28.5,91.6019,0,0.1
2024,8,13,0,27.3,92.6221,0,0.1
2024,8,13,6,30,83.9898,0,0.1
2024,8,13,12,29.6,91.1334,0,0.1
2024,8,13,18,28.5,97.1288,0,0
2024,8,14,0,28.2,93.2159,0,0
2024,8,14,6,33.5,68.8492,0,0.2
2024,8,14,12,33.1,74.6617,0,0
2024,8,14,18,29.8,95.4833,0,0
2024,8,15,0,27.2,93.1673,0,0
2024,8,15,6,32.8,71.6126,0,0.1
2024,8,15,12,32.4,69.0497,0,0
2024,8,15,18,29.4,92.1917,0,0
2024,8,16,0,26.1,93.6709,0,0
2024,8,16,6,34,63.1119,0,0.2
2024,8,16,12,31.6,86.1372,0,0.1
2024,8,16,18,29,94.3502,0,0.1
2024,8,17,0,27.7,95.9775,0,0.1
2024,8,17,3,33.7,68.0819,0,0.1
2024,8,17,12,28,78.9011,0,0.3
2024,8,17,18,27.5,91.5423,0,0
2024,8,18,0,26.5,97.0867,0,0
2024,8,18,6,28,88.9044,0.5,0.1
2024,8,18,12,31.5,68.4705,0,0
2024,8,18,18,27.8,95.4179,0,0
2024,8,19,0,26.5,97.0867,0.1,0
2024,8,19,6,32.5,68.6606,0,0.1
2024,8,19,12,27.5,91.5423,1.1,0.1
2024,8,19,18,26.5,97.0867,0,0.1
2024,8,20,0,26,94.2272,0,0.1
2024,8,20,6,28,74.2799,0,0.6
2024,8,20,12,25.4,91.9668,0.7,0.5
2024,8,20,18,26,88.7482,0,0.5
2024,8,21,0,25.5,97.0653,1.1,0.1
2024,8,21,6,29.5,81.4905,0,0.4
2024,8,21,12,29.3,77.6787,0,0.1
2024,8,21,18,26.6,90.944,0,0
2024,8,22,0,26,94.2272,0,0
2024,8,22,6,31,70.4499,0,0.1
2024,8,22,12,28,78.9011,0,0.2
2024,8,22,18,26.3,87.1866,0,0.2
2024,8,23,0,26.4,86.673,0,0
2024,8,23,6,30.4,72.9109,0,0.1
2024,8,23,12,31.4,68.8613,0,0
2024,8,23,18,28.4,86.8557,0,0
2024,8,24,0,26.4,86.673,0,0
2024,8,24,6,32,70.631,0,0.2
2024,8,24,12,31.8,75.7801,0,0
2024,8,24,18,28.7,96.0065,0,0
2024,8,25,0,27,88.8267,0,0
2024,8,25,6,32.2,65.8039,0,0.1
2024,8,25,12,31.4,68.8613,0,0.1
2024,8,25,18,28,88.9044,0,0
2024,8,26,0,26.8,89.8784,0,0
2024,8,26,6,30.2,73.7527,0.1,0.3
2024,8,26,12,30,79.1761,0,0
2024,8,26,18,27.6,85.7541,0,0
2024,8,27,0,26.6,96.5156,0,0
2024,8,27,6,30.6,72.08,0,0.1
2024,8,27,12,31.6,76.6461,0,0
2024,8,27,18,28,94.3097,0,0
2024,8,28,0,27.2,93.1673,0,0
2024,8,28,6,34.5,61.3762,0,0
2024,8,28,12,31.7,80.8101,0,0
2024,8,28,18,28.5,97.1288,0,0
2024,8,29,0,27.2,93.1673,0,0
2024,8,29,6,33.5,68.8492,0,0
2024,8,29,12,32.5,81.8543,0,0
2024,8,29,18,28.2,93.2159,0,0.1
2024,8,30,0,27.5,97.1079,0,0.1
2024,8,30,3,33.8,67.7019,0,0
2024,8,30,6,34.7,64.3874,0,0.2
2024,8,30,12,33.4,73.414,0,0
2024,8,30,18,30.4,87.0348,0,0
2024,8,31,0,28.4,86.8557,0,0.1
2024,8,31,6,33,66.7521,0,0.2
2024,8,31,12,32.1,74.5018,0,0.1
2024,8,31,18,29.1,88.4675,0,0
2024,9,1,0,25,94.1853,6,0.1
2024,9,1,6,27.1,78.3001,0.5,0.1
2024,9,1,12,29.8,84.9623,0,0
2024,9,1,18,26.8,95.3847,0,0
2024,9,2,0,26.2,98.8231,0,0
2024,9,2,6,33.7,64.1799,0,0
2024,9,2,12,33.5,68.8492,0,0
2024,9,2,18,29.2,93.2639,0,0
2024,9,3,0,28,94.3097,0,0
2024,9,3,6,28.5,86.3519,0.1,0.3
2024,9,3,12,27.5,91.5423,0,0
2024,9,3,18,26.6,96.5156,0,0
2024,9,4,0,26.2,98.8231,0,0
2024,9,4,6,33.5,64.9032,0,0.1
2024,9,4,12,29.5,76.7863,0,0.1
2024,9,4,18,27.7,95.9775,0,0
2024,9,5,0,26.8,95.3847,0,0
2024,9,5,6,24,94.143,0.5,0
2024,9,5,12,27.5,86.2578,0.1,0
2024,9,5,18,25.6,96.4901,0,0
2024,9,6,0,25.1,93.6251,0,0.1
2024,9,6,6,33,59.2413,0,0.1
2024,9,6,12,33,70.8105,0,0
2024,9,6,18,28.5,91.6019,0,0
2024,9,7,0,27.5,97.1079,0,0
2024,9,7,6,34.5,65.1078,0,0.1
2024,9,7,12,34,70.9885,0,0
2024,9,7,18,29,94.3502,0,0
2024,9,8,0,27.3,92.6221,0,0
2024,9,8,12,33,75.083,0,0
2024,9,8,18,29.1,93.8053,0,0
2024,9,9,0,28,94.3097,0,0
2024,9,9,6,34,63.1119,0,0.1
2024,9,9,12,32.7,72.0175,0,0.1
2024,9,9,18,28,88.9044,0,0
2024,9,10,0,27.2,93.1673,0,0
2024,9,10,6,34,63.1119,0,0.2
2024,9,10,12,32.2,69.8353,0,0
2024,9,10,18,28.5,97.1288,0,0
2024,9,11,0,27.2,93.1673,0,0.1
2024,9,11,6,34.5,61.3762,0,0.1
2024,9,11,12,27.6,96.5409,0.1,0.2
2024,9,11,18,26.6,90.944,0.1,0
2024,9,12,0,25.8,,0,0
2024,9,12,6,32.5,64.697,0,0.2
2024,9,12,12,32.5,77.2297,0,0
2024,9,12,18,28.2,93.2159,0,0
2024,9,13,0,27.1,93.7162,0,0
2024,9,13,6,34.8,64.0306,0,0
2024,9,13,12,33.7,81.0597,0,0
2024,9,13,18,26.6,90.944,3.4,0.2
2024,9,14,0,26.7,95.9483,0,0
2024,9,14,6,30.7,76.0593,0,0.1
2024,9,14,12,30.2,78.2711,0,0
2024,9,14,18,26.5,91.4821,0,0
2024,9,15,0,25.8,95.3511,1.5,0.1
2024,9,15,6,29.7,75.9054,0,0.1
2024,9,15,12,27.4,76.9334,0,0.1
2024,9,15,18,26.3,87.1866,0,0.1
2024,9,16,0,26.4,92.0239,0,0
2024,9,16,6,30,74.6054,0,0.2
2024,9,16,12,29,83.8815,0,0
2024,9,16,18,26.7,95.9483,0,0
2024,9,17,0,25.4,91.9668,0,0
2024,9,17,6,34.3,58.4812,0,0.1
2024,9,17,12,31.4,73.0801,0,0
2024,9,17,18,28,88.9044,0,0
2024,9,18,0,26.4,92.0239,0,0
2024,9,18,6,35.4,45.9038,0,0
2024,9,18,9,35.8,50.6844,0,0.1
2024,9,18,12,33.5,68.8492,0,0
2024,9,18,18,27.5,91.5423,0,0
2024,9,19,0,27,94.2687,0,0
2024,9,19,6,36.3,52.3522,0,0.1
2024,9,19,12,33.5,73.0033,0,0
2024,9,19,18,29,94.3502,0,0
2024,9,20,0,27.5,97.1079,0,0
2024,9,20,6,36.2,55.8659,0,0.1
2024,9,20,12,33,79.579,0,0
2024,9,20,18,29,94.3502,0,0
2024,9,21,0,28,94.3097,0,0
2024,9,21,6,37.5,55.1914,0,0.1
2024,9,21,12,29.7,67.3045,0,0.3
2024,9,21,18,27,88.8267,0,0
2024,9,22,0,27,88.8267,0,0
2024,9,22,6,35.2,62.6254,0,0
2024,9,22,12,34.7,72.3605,0,0
2024,9,22,18,30,94.3903,0,0
2024,9,23,0,28.2,93.2159,0,0
2024,9,23,6,35.5,69.2217,0,0.3
2024,9,23,12,30.1,83.5083,0.4,0
2024,9,23,18,28.4,92.1364,0,0
2024,9,24,0,26.1,93.6709,0,0
2024,9,24,6,32.4,69.0497,0,0.1
2024,9,24,12,26,94.2272,3.3,0.1
2024,9,24,18,26.2,93.1182,0.4,0.1
2024,9,25,0,25.8,95.3511,1.2,0.1
2024,9,25,6,29,79.0392,0.6,0.2
2024,9,25,12,27.3,92.6221,0.2,0
2024,9,25,18,25.8,100,0.6,0
2024,9,26,0,25.2,98.8143,0.9,0.3
2024,9,26,6,25.1,93.6251,4.3,0.3
2024,9,26,12,25,100,1.4,0.3
2024,9,26,18,24.5,100,3,0.4
2024,9,27,0,24.3,98.2143,0.5,0.2
2024,9,27,6,25.5,97.0653,0.3,0.2
2024,9,27,12,24,100,1,0.2
2024,9,27,18,24.2,98.8055,1,0
2024,9,28,0,24,100,0.4,0
2024,9,28,6,25.5,97.0653,0.2,0.2
2024,9,28,12,26,88.7482,0,0
2024,9,28,18,25.5,97.0653,0,0
2024,9,29,0,25,100,0,0
2024,9,29,6,30.4,72.9109,0,0.1
2024,9,29,12,29.2,82.9158,0,0
2024,9,29,18,27,94.2687,0,0
2024,9,30,0,26,94.2272,0,0.1
2024,9,30,6,32.2,65.8039,0,0.2
2024,9,30,12,31,79.3116,0,0
2024,9,30,18,28,94.3097,0,0.1
2024,10,1,0,26.5,97.0867,0,0
2024,10,1,6,32,70.631,0,0.1
2024,10,1,12,30.4,77.3778,0,0
2024,10,1,18,28.1,88.3872,0,0
2024,10,2,0,25.4,100,1.1,0.1
2024,10,2,6,31.3,73.4975,0.3,0.1
2024,10,2,12,29.4,86.9457,0,0
2024,10,2,18,28.3,92.6743,0,0
2024,10,3,0,26,94.2272,0,0.2
2024,10,3,6,26.4,81.5966,0,0.2
2024,10,3,12,26.5,91.4821,1.1,0.3
2024,10,3,18,25,88.6689,0,0.2
2024,10,4,0,24.5,97.0437,0.2,0.3
2024,10,4,6,26,88.7482,0,0.3
2024,10,4,12,25.7,90.3414,0,0.2
2024,10,4,18,24.4,91.909,2.7,0.2
2024,10,5,0,23.8,100,11.1,0.2
2024,10,5,6,24.6,100,1.9,0.2
2024,10,5,12,25,94.1853,1,0.1
2024,10,5,18,24.4,100,9.1,0.1
2024,10,6,0,24.5,97.0437,4.5,0.2
2024,10,6,6,27.2,87.789,0,0.1
2024,10,6,12,26.6,90.944,0,0.2
2024,10,6,18,24.8,100,0,0.2
2024,10,7,0,25,100,0,0.2
2024,10,7,6,30.6,72.08,0.4,0.2
2024,10,7,12,28.8,90.0193,0,0
2024,10,7,18,26,94.2272,0,0
2024,10,8,0,26.2,93.1182,0,0
2024,10,8,6,31.2,69.6505,0,0
2024,10,8,12,28,83.7722,0,0.1
2024,10,8,18,26,88.7482,0,0.1
2024,10,9,0,25.2,93.0686,0,0.2
2024,10,9,6,31,74.766,0,0.1
2024,10,9,12,28.2,77.9861,0,0.1
2024,10,9,18,26.3,87.1866,0,0.2
2024,10,10,0,24.4,91.909,0,0
2024,10,10,6,30.4,72.9109,0,0.1
2024,10,10,12,27.5,91.5423,1.6,0.2
2024,10,10,18,25.2,93.0686,0,0.1
2024,10,11,0,24.8,100,0,0.1
2024,10,11,6,30.7,71.6685,0,0
2024,10,11,12,28.6,85.8513,0,0
2024,10,11,18,26,94.2272,0,0
2024,10,12,0,25,94.1853,0,0
2024,10,12,6,31,70.4499,0,0.3
2024,10,12,12,29.2,87.9569,0,0
2024,10,12,18,26,94.2272,0,0.2
2024,10,13,0,26,100,0,0
2024,10,13,6,29.5,76.7863,0,0.1
2024,10,13,12,28,83.7722,0,0
2024,10,13,18,25.4,91.9668,0,0
2024,10,14,0,23.4,91.8507,0,0.1
2024,10,14,6,29,70.0832,0,2.05778
2024,10,14,12,28,83.7722,0,0
2024,10,14,18,24.3,92.4619,0,0
2024,10,14,21,23.4,91.8507,0,0
2024,10,15,0,24,94.143,0,0
2024,10,15,6,29,70.0832,0,0.1
2024,10,15,12,26.5,91.4821,0,0
2024,10,15,18,24,94.143,0,0
2024,10,16,0,23.8,100,0,0
2024,10,16,6,29,70.0832,0,0
2024,10,16,12,27.2,87.789,0,0
2024,10,16,18,24.4,91.909,0,0
2024,10,17,0,23.4,97.6094,0,0
2024,10,17,3,24.5,97.0437,0,0.1
2024,10,17,6,27.7,80.2965,0,0.1
2024,10,17,12,27,88.8267,0,0
2024,10,17,18,23.8,100,0,0
2024,10,18,0,23.7,100,0,0.1
2024,10,18,6,29.3,64.8133,0,0.1
2024,10,18,12,27,88.8267,0,0
2024,10,18,18,24,94.143,0,0
2024,10,19,0,22.8,100,0,0
2024,10,19,6,28.5,72.1472,0,0.1
2024,10,19,12,29,74.4434,0,0
2024,10,19,18,24.4,91.909,0,0
2024,10,20,0,22,94.057,0,0.1
2024,10,20,6,29,65.9485,0,0.2
2024,10,20,12,27,83.6618,0,0
2024,10,20,18,23.1,93.5321,0,0
2024,10,21,0,21.8,95.2131,0,0.1
2024,10,21,6,30,62.249,0,0.2
2024,10,21,12,28.1,73.8477,0,0
2024,10,21,18,23.3,92.4073,0,0
2024,10,22,0,22.2,92.9166,0,0.1
2024,10,22,6,30.4,57.2197,0,0.2
2024,10,22,12,27,83.6618,0,0
2024,10,22,18,25.4,81.4722,0,0
2024,10,22,21,24.6,85.4566,0,0
2024,10,23,0,24,88.5888,0,0.2
2024,10,23,3,28,65.7435,0,0.3
2024,10,23,6,30,74.6054,0,0.3
2024,10,23,9,31.6,64.1235,0,0.1
2024,10,23,12,23.4,86.3919,0.3,0.3
2024,10,23,15,24,88.5888,,0.1
2024,10,23,18,24.4,91.909,0.3,0.1
2024,10,23,21,24.2,93.0185,0,0.1
2024,10,24,0,24,94.143,0,0.1
2024,10,24,3,25,88.6689,0,0
2024,10,24,6,26,83.5503,0,0.3
2024,10,24,9,26,69.5214,0,0.3
2024,10,24,12,23.5,91.2978,0,0.2
2024,10,24,18,21,94.0132,0.4,0.3
2024,10,24,21,20.5,96.9548,,0.3
2024,10,25,0,21.5,96.9774,0.8,0.4
2024,10,25,3,22,94.057,,0.4
2024,10,25,6,24.2,82.3286,0.2,0.4
2024,10,25,9,24.4,76.4766,0,0.5
2024,10,25,12,23.5,91.2978,0,0.5
2024,10,25,15,23.1,87.9734,0,0.3
2024,10,25,18,22.5,91.235,0,0.3
2024,10,25,21,,,,
2024,10,26,0,22.6,96.4119,0,0.2
2024,10,26,3,23.5,91.2978,0,0.1
2024,10,26,6,24,94.143,0.1,0.277778
2024,10,26,9,25.2,82.4483,0,0.1
2024,10,26,12,25,88.6689,0,0
2024,10,26,18,23.2,92.9678,0,0.1
2024,10,26,21,22.9,94.6722,0,0.1
2024,10,27,0,22,94.057,0,0.1
2024,10,27,3,26.2,82.5669,0,0.2
2024,10,27,6,30,70.2674,0,0
2024,10,27,9,32.5,57.3661,0,0.1
2024,10,27,12,27.8,84.7566,0,0
2024,10,27,15,25,94.1853,0,0
2024,10,27,18,23.7,95.8586,0,0
2024,10,27,21,23,94.1002,0,0
2024,10,28,0,22,94.057,0,0
2024,10,28,3,28.2,73.4184,0,0.1
2024,10,28,6,30.7,67.5013,0,0.1
2024,10,28,9,33,52.4811,0,0.2
2024,10,28,12,28,88.9044,0,0
2024,10,28,15,28,78.9011,0,0
2024,10,28,18,24,94.143,0,0
2024,10,28,21,23.4,97.6094,0,0
2024,10,29,0,23.2,98.7966,0,0
2024,10,29,3,28.6,76.1915,0,0
2024,10,29,6,32.4,57.6912,0,0.2
2024,10,29,9,32.2,61.9776,0,0.1
2024,10,29,12,27,88.8267,0,0
2024,10,29,15,25.5,91.4213,0,0.2
2024,10,29,18,24.6,96.4643,0,0.1
2024,10,29,21,24,94.143,0,0
2024,10,30,0,23,100,0,0
2024,10,30,3,28.2,77.9861,0,0
2024,10,30,6,32.4,61.2804,0,0.1
2024,10,30,9,33,62.8986,0,0
2024,10,30,12,29,83.8815,0,0
2024,10,30,15,26.4,92.0239,0,0
2024,10,30,18,26,94.2272,0,0
2024,10,30,21,25.2,93.0686,0,0
2024,10,31,0,24.4,91.909,0,0
2024,10,31,3,28,78.9011,0,0
2024,10,31,6,30.7,71.6685,0,0.1
2024,10,31,9,31.8,59.6857,0,0.2
2024,10,31,12,28.4,86.8557,0,0
2024,10,31,18,24.5,97.0437,0,0.2
2024,10,31,21,24.3,92.4619,0,0
2024,11,1,0,24,94.143,0,0
2024,11,1,3,23.7,95.8586,,0.2
2024,11,1,6,27,78.7617,0.7,0.2
2024,11,1,9,26.7,80.165,0,0.2
2024,11,1,12,25,88.6689,0,0.1
2024,11,1,15,23.7,95.8586,0,0
2024,11,1,18,22.7,95.828,0,0.1
2024,11,1,21,22.4,91.7917,0,0.1
2024,11,2,0,22,94.057,0,0.1
2024,11,2,3,24,88.5888,0,0.2
2024,11,2,6,28.2,73.4184,0,0.2
2024,11,2,9,29.2,65.1892,0,0
2024,11,2,12,28,74.2799,0,0
2024,11,2,15,23.8,95.2829,0,0
2024,11,2,18,23,94.1002,0,0
2024,11,2,21,22.7,95.828,0,0
2024,11,3,0,22,94.057,0,0
2024,11,3,3,26.5,86.1628,0,0.1
2024,11,3,6,28.7,75.7502,0,0.2
2024,11,3,9,31,58.7818,0,0.1
2024,11,3,12,27.1,88.3061,0,0
2024,11,3,15,24.2,93.0185,0,0
2024,11,3,18,22.5,100,0,0
2024,11,3,21,22.4,97.5916,0,0
2024,11,4,0,22.4,97.5916,0,0
2024,11,4,3,24.5,97.0437,0,0.1
2024,11,4,6,28.5,72.1472,0,0.2
2024,11,4,9,30.4,57.2197,0,0.1
2024,11,4,12,26,88.7482,0,0
2024,11,4,15,23.7,95.8586,0,0
2024,11,4,18,22.5,96.9997,0,0
2024,11,4,21,22,94.057,0,0
2024,11,5,0,21.5,96.9774,0,0
2024,11,5,3,26.6,75.8815,0,0.2
2024,11,5,6,29.6,71.9053,0,0.2
2024,11,5,9,,,,
2024,11,5,12,26.2,87.7037,0,0
2024,11,5,18,23,94.1002,0,0
2024,11,5,21,22.6,100,0,0
2024,11,6,0,22.3,92.3522,0,0.555556
2024,11,6,3,26,69.5214,0,0
2024,11,6,6,29.2,54.1677,0,0
2024,11,6,9,30.4,53.7941,0,0.2
2024,11,6,12,24.8,89.7345,0,0
2024,11,6,15,22.6,96.4119,0,0
2024,11,6,18,21.5,96.9774,0,0
2024,11,7,0,20.4,91.6718,0,0
2024,11,7,3,26.2,73.0782,0,0.1
2024,11,7,6,28.8,66.7178,0,0.1
2024,11,7,9,30.5,56.8926,0,0
2024,11,7,12,25.5,91.4213,0,0
2024,11,7,15,21.8,95.2131,0,0
2024,11,7,18,21,94.0132,0,0
2024,11,7,21,20.5,96.9548,0,0
2024,11,8,0,20.2,92.8124,0,0.1
2024,11,8,3,25,78.4789,0,0.1
2024,11,8,6,27.4,64.0156,0,0.2
2024,11,8,9,29,48.3188,0,0.2
2024,11,8,12,25,78.4789,0,0.2
2024,11,8,15,21.2,92.8648,0,0.1
2024,11,8,18,20.5,96.9548,0,0.1
2024,11,8,21,20,93.969,0,0.1
2024,11,9,0,19.2,92.7595,0,0.1
2024,11,9,3,25,73.7806,0,0.1
2024,11,9,6,28,61.8076,0,0.1
2024,11,9,9,29.4,50.2917,0,0.1
2024,11,9,12,24,88.5888,0,0
2024,11,9,15,21.6,96.3852,0,0
2024,11,9,18,20.5,96.9548,0,0
2024,11,9,21,19.5,96.9319,0,0
2024,11,10,0,19,93.9243,0,0.1
2024,11,10,3,25.6,75.7244,0,0.2
2024,11,10,6,28.6,63.4858,0,0.2
2024,11,10,9,30.5,53.4866,0,0
2024,11,10,12,25,94.1853,0,0
2024,11,10,15,22,94.057,0,0
2024,11,10,18,20.6,96.3583,0,0
2024,11,10,21,19.8,95.1418,0,0
2024,11,11,0,19.1,93.3399,0,0
2024,11,11,3,25.6,75.7244,0,0.1
2024,11,11,6,29.4,53.5449,0,0
2024,11,11,9,30.8,52.5758,0,0.1
2024,11,11,12,24.8,84.4403,0,0
2024,11,11,15,21.7,95.7971,0,0
2024,11,11,18,20.4,91.6718,0,0
2024,11,11,21,19.6,96.331,0,0
2024,11,12,0,18.8,100,0,0
2024,11,12,3,25.4,76.6303,0,0.1
2024,11,12,6,29.3,57.3118,0,0
2024,11,12,9,30.3,47.7517,0,0
2024,11,12,12,24.4,86.4866,0,0
2024,11,12,15,21.3,92.2965,0,0
2024,11,12,18,20,93.969,0,0
2024,11,12,21,19.3,92.1832,0,0
2024,11,13,0,18.6,100,0,0
2024,11,13,3,24.5,85.9698,0,0
2024,11,13,6,29,58.3156,0,0
2024,11,13,9,30,51.7246,0,0.2
2024,11,13,12,26,78.621,0,0
2024,11,13,15,21.8,95.2131,0,0
2024,11,13,18,20.5,96.9548,0,0
2024,11,13,21,20.1,93.3887,0,0
2024,11,14,0,18.7,100,0,0
2024,11,14,3,25,78.4789,0,0
2024,11,14,6,29,70.0832,0,0.2
2024,11,14,9,29.5,56.6533,0,0
2024,11,14,12,24.6,90.8144,0,0
2024,11,14,15,21.4,91.7321,0,0
2024,11,14,18,20.4,91.6718,0,0
2024,11,14,21,20,93.969,0,0
2024,11,15,0,18.4,91.5494,0,0
2024,11,15,3,23.7,90.2031,0,0
2024,11,15,6,29,65.9485,0,0
2024,11,15,9,29.5,56.6533,0,0.2
2024,11,15,12,24,88.5888,0,0
2024,11,15,15,21.4,91.7321,0,0
2024,11,15,18,20,93.969,0,0
2024,11,15,21,19.4,91.6109,0,0
2024,11,16,0,19.2,98.7599,0,0.1
2024,11,16,3,20.5,100,0,0
2024,11,16,6,25.6,75.7244,0,0
2024,11,16,9,29.2,54.1677,0,0
2024,11,16,12,23,94.1002,0,0
2024,11,16,15,21,94.0132,0,0
2024,11,16,18,18.8,100,0,0
2024,11,17,0,17,100,0,0
2024,11,17,3,22.4,86.2963,0,0.1
2024,11,17,6,28.2,53.9186,0,0.2
2024,11,17,9,28.8,55.4378,0,0.1
2024,11,17,12,23.5,91.2978,0,0
2024,11,17,15,20.6,96.3583,0,0
2024,11,17,18,19,93.9243,0,0.1
2024,11,17,21,18.4,91.5494,0,0
2024,11,18,0,17.8,100,0,0
2024,11,18,3,22.3,86.8233,0,0
2024,11,18,6,28.3,57.0729,0,0.2
2024,11,18,9,28.7,52.3727,0,0
2024,11,18,12,23.5,91.2978,0,0
2024,11,18,15,20.5,96.9548,0,0
2024,11,18,18,19.5,96.9319,0,0
2024,11,18,21,18.6,96.3035,0,0
2024,11,19,0,17.7,100,0,0
2024,11,19,3,23.8,74.5024,0,0.2
2024,11,19,6,27.7,52.1179,0,0.2
2024,11,19,9,28.7,40.5605,0,0.2
2024,11,19,12,22.7,84.7369,0,0
2024,11,19,15,19.3,92.1832,0,0
2024,11,19,18,18.7,95.7024,0,0
2024,11,19,21,18,93.8791,0,0
2024,11,20,0,17.6,96.2756,0,0.1
2024,11,20,3,23,68.9449,0,0.2
2024,11,20,6,27,54.3022,0,0.2
2024,11,20,9,28.5,49.7418,0,0
2024,11,20,12,22.4,91.7917,0,0
2024,11,20,15,19.7,95.7343,0,0
2024,11,20,18,18.8,95.1055,0,0
2024,11,20,21,18.3,92.1257,0,0.1
2024,11,21,0,16.6,96.2474,0,0.1
2024,11,21,3,23.4,59.2237,0,0.2
2024,11,21,6,27,54.3022,0,0.2
2024,11,21,9,29,45.3392,0,0.1
2024,11,21,12,22.8,89.5875,0,0
2024,11,21,15,19.8,95.1418,0,0
2024,11,21,18,18.8,95.1055,0,0
2024,11,22,0,19,88.1753,0,0.1
2024,11,22,3,24,64.9068,0,0.2
2024,11,22,6,26,54.0515,0,0.2
2024,11,22,9,27.5,46.4059,0,0.1
2024,11,22,12,21.5,91.1715,0,0
2024,11,22,15,18.8,95.1055,0,0
2024,11,22,18,17.5,96.8854,0,0
2024,11,22,21,16.5,96.8617,0,0
2024,11,23,0,16,93.7872,0,0
2024,11,23,3,20.2,87.1735,0,0
2024,11,23,6,26.6,59.2214,0,0
2024,11,23,9,27.5,49.48,0,0.1
2024,11,23,12,22.6,85.2532,0,0
2024,11,23,15,19,93.9243,0,0
2024,11,23,18,17.7,95.6701,0,0
2024,11,23,21,17,93.8334,0,0
2024,11,24,0,15.6,100,0,0
2024,11,24,3,20.8,89.4375,0,0
2024,11,24,6,27,54.3022,0,0.1
2024,11,24,9,26.7,55.2697,0,0
2024,11,24,12,22.3,81.587,0,0
2024,11,24,15,24.7,100,0,0
2024,11,24,18,17.5,100,0,0
2024,11,24,21,17,100,0,0
2024,11,25,0,16.3,98.1036,0,0
2024,11,25,3,20.2,76.7911,0,0.1
2024,11,25,6,24.5,71.4349,0,0.2
2024,11,25,9,26.8,58.5275,0,0.1
2024,11,25,12,21,88.3433,0,0
2024,11,25,15,18.2,92.706,0,0
2024,11,25,18,17,93.8334,0,0
2024,11,25,21,16,93.7872,0,0
2024,11,26,0,15,100,0,0
2024,11,26,3,20.7,79.3492,0,0
2024,11,26,6,26,50.6934,0,0.2
2024,11,26,9,26,54.0515,0,0.2
2024,11,26,12,22.5,85.773,0,0
2024,11,26,15,18.5,96.9088,0,0
2024,11,26,18,17,93.8334,0,0
2024,11,27,0,15.4,97.4612,0,0.1
2024,11,27,3,22,73.2676,0,0.555556
2024,11,27,6,25.5,55.6795,0,0.555556
2024,11,27,9,27,44.7967,0,0.2
2024,11,27,12,21.4,76.0069,0,0
2024,11,27,15,18,93.8791,0,0
2024,11,27,18,17.2,92.652,0,0
2024,11,27,21,16.4,91.4242,0,0
2024,11,28,0,15.5,96.8378,0,0.1
2024,11,28,3,21.5,66.4802,0,0.3
2024,11,28,6,25.6,48.6615,0,0.4
2024,11,28,9,27,41.9715,0,0.2
2024,11,28,12,21,77.897,0,0
2024,11,28,15,17,93.8334,0,0
2024,11,28,18,15.7,100,0,0.1
2024,11,28,21,15,93.7405,0,0.1
2024,11,29,0,14.6,96.1901,0,0.2
2024,11,29,3,22,56.6303,0,0.3
2024,11,29,6,26,44.5233,0,0.4
2024,11,29,9,27.5,40.7577,0,0.2
2024,11,29,12,20.6,85.0456,0,0
2024,11,29,15,16.6,96.2474,0,0
2024,11,29,18,15.3,91.9492,0,0
2024,11,29,21,15,100,0,0
2024,11,30,0,13.6,100,0,0.1
2024,11,30,3,21.5,54.6784,0,0.2
2024,11,30,6,25.5,48.9516,0,0.2
2024,11,30,9,28,42.2477,0,0.2
2024,11,30,12,20.7,89.9903,0,0.1
2024,11,30,15,17,93.8334,0,0
2024,11,30,18,15.4,91.3606,0,0
2024,11,30,21,15,93.7405,0,0
2024,12,1,0,13.1,93.0354,0,0
2024,12,1,3,19.5,66.0619,0,0.2
2024,12,1,6,25.8,48.0871,0,0.2
2024,12,1,9,26.3,43.7399,0,0.2
2024,12,1,12,20,88.2598,0,0
2024,12,1,15,16.5,96.8617,0,0
2024,12,1,18,15,93.7405,0,0
2024,12,1,21,13.8,100,0,0
2024,12,2,0,12.7,100,0,0
2024,12,2,3,21.2,59.4731,0,0.2
2024,12,2,6,25.2,40.9243,0,0.2
2024,12,2,9,27,39.3045,0,0.2
2024,12,2,12,20.6,85.0456,0,0
2024,12,2,18,14.8,94.9565,0,0
2024,12,2,21,13.8,100,0,0
2024,12,3,0,13,100,0,0
2024,12,3,3,20,68.3535,0,0
2024,12,3,6,25.8,48.0871,0,0.2
2024,12,3,9,27.5,40.7577,0,0
2024,12,3,12,20.5,80.3343,0,0
2024,12,3,15,17.2,92.652,0,0
2024,12,3,18,16,93.7872,0,0
2024,12,3,21,14,93.6933,0,0
2024,12,4,0,13.6,100,0,0
2024,12,4,3,20.2,76.7911,0,0
2024,12,4,6,26.5,49.2166,0,0
2024,12,4,9,27.5,43.5012,0,0.1
2024,12,4,12,20,88.2598,0,0
2024,12,4,15,17,93.8334,0,0
2024,12,4,18,16.4,91.4242,0,0
2024,12,4,21,14.6,96.1901,0,0
2024,12,5,0,14,93.6933,0,0.1
2024,12,5,3,18.5,90.9771,0,0
2024,12,5,6,24.5,62.988,0,0.1
2024,12,5,9,25.5,59.3387,0,0.1
2024,12,5,12,20,93.969,0,0
2024,12,5,15,17.2,98.7409,0,0
2024,12,5,18,16,100,0,0
2024,12,5,21,15.3,98.0891,0,0
2024,12,6,0,14.6,100,0,0
2024,12,6,3,17.2,98.7409,0,0
2024,12,6,6,24.7,58.4004,0,0
2024,12,6,9,25,44.2485,0,0.1
2024,12,6,12,17.8,95.0689,0,0
2024,12,6,15,16,93.7872,0,0
2024,12,6,18,15,100,0,0
2024,12,6,21,13.7,100,0,0
2024,12,7,0,12.5,100,0,0
2024,12,7,3,14.5,100,0,0
2024,12,7,6,21.3,63.0879,0,0
2024,12,7,9,23.5,58.8672,0,0
2024,12,7,12,19.2,87.0818,0,0
2024,12,7,15,15.5,100,0,0
2024,12,7,18,14.4,97.4417,0,0
2024,12,7,21,13.3,98.0594,0,0
2024,12,8,0,13,100,0,0
2024,12,8,3,17.7,95.6701,0,0
2024,12,8,6,23.2,68.1152,0,0
2024,12,8,9,24.5,67.0948,0,0
2024,12,8,12,19.8,95.1418,0,0
2024,12,8,15,16.2,92.5973,0,0
2024,12,8,18,14.5,100,0,0
2024,12,8,21,14,100,0,0
2024,12,9,0,13.6,100,0,0
2024,12,9,3,16.1,99.3633,0,0
2024,12,9,6,20.1,87.7147,0,0
2024,12,9,9,21,77.897,0,0
2024,12,9,12,18.9,94.5129,0,0
2024,12,9,15,15.4,97.4612,0,0
2024,12,9,18,16.5,100,0,0
2024,12,9,21,16.4,97.4805,0,0
2024,12,10,0,16.5,96.8617,0,0
2024,12,10,3,16.9,94.4305,0,0
2024,12,10,6,17.3,86.3476,0,0.1
2024,12,10,9,19.3,76.1592,0,0.1
2024,12,10,12,16.4,91.4242,0,0
2024,12,10,15,14,100,0,0
2024,12,10,18,13,100,0,0
2024,12,11,0,13,100,0,0.1
2024,12,11,3,,,,
2024,12,11,6,19.4,75.6864,0,0
2024,12,11,9,22.5,71.0693,0,0.1
2024,12,11,12,17.6,96.2756,0,0
2024,12,11,18,15,100,0,0.1
2024,12,12,0,15,100,0,0.1
2024,12,12,3,16,93.7872,0,0.1
2024,12,12,6,20.5,75.3804,0,0.1
2024,12,12,12,18.4,91.5494,0,0.1
2024,12,12,15,15.2,98.7215,0,0
2024,12,12,18,14,100,0,0
2024,12,12,21,13,100,0,0
2024,12,13,0,12.2,98.6915,0,0
2024,12,13,3,14.7,100,0,0
2024,12,13,6,22.6,58.2735,0,0
2024,12,13,9,24.7,48.1056,0,0
2024,12,13,12,18.5,90.9771,0,0
2024,12,13,15,15.2,92.542,0,0
2024,12,13,18,14.2,98.7116,0,0
2024,12,13,21,12.8,100,0,0
2024,12,14,0,11.7,100,0,0
2024,12,14,3,16.4,85.7016,0,0.1
2024,12,14,6,23.7,58.1614,0,0.1
2024,12,14,9,24.7,54.7722,0,0.1
2024,12,14,12,20,93.969,0,0
2024,12,14,15,15.5,100,0,0
2024,12,14,18,13.8,100,0,0
2024,12,14,21,13,100,0,0
2024,12,15,0,11.6,100,0,0
2024,12,15,3,17.5,79.9258,0,0
2024,12,15,6,24,53.5451,0,0.2
2024,12,15,9,25.5,48.9516,0,0.1
2024,12,15,12,19.7,84.4141,0,0
2024,12,15,15,15.3,91.9492,0,0
2024,12,15,18,13.6,100,0,0
2024,12,15,21,12.5,96.7644,0,0.1
2024,12,16,0,14.1,93.0875,0,0.1
2024,12,16,3,18.5,75.0518,0,0.1
2024,12,16,6,24.3,49.2723,0,0.2
2024,12,16,9,26.1,41.4479,0,0
2024,12,16,12,19,77.5977,0,0
2024,12,16,15,14.8,94.9565,0,0
2024,12,16,18,13.7,100,0,0
2024,12,17,0,13.6,96.1609,0,0.1
2024,12,17,3,20,64.0427,0,0.1
2024,12,17,6,24.5,51.9621,0,0.2
2024,12,17,9,25.8,42.1914,0,0.1
2024,12,17,12,19.8,83.8916,0,0
2024,12,17,15,15.3,91.9492,0,0
2024,12,17,18,14,93.6933,0,0
2024,12,17,21,12.4,91.1656,0,0
2024,12,18,0,11.6,100,0,0
2024,12,18,3,17,72.381,0,0.1
2024,12,18,6,23,49.903,0,0.1
2024,12,18,9,25,47.251,0,0.1
2024,12,18,12,19,88.1753,0,0
2024,12,18,15,15.4,91.3606,0,0
2024,12,18,18,14.2,98.7116,0,0
2024,12,18,21,12.6,100,0,0
2024,12,19,0,11.5,100,0,0.1
2024,12,19,3,19.2,63.0307,0,0.1
2024,12,19,6,24.6,48.3943,0,0.1
2024,12,19,9,25.5,45.8644,0,0
2024,12,19,12,19.2,81.7119,0,0
2024,12,19,15,15.5,96.8378,0,0
2024,12,19,18,14,100,0,0
2024,12,19,21,12,100,0,0
2024,12,20,0,11.6,100,0,0
2024,12,20,3,18.5,75.0518,0,0
2024,12,20,6,24.3,43.187,0,0
2024,12,20,9,26,41.6941,0,0
2024,12,20,12,19.4,80.7001,0,0
2024,12,20,15,15.4,91.3606,0,0
2024,12,20,18,13.9,94.3035,0,0
2024,12,21,0,11.5,100,0,0
2024,12,21,3,17.5,85.2628,0,0
2024,12,21,6,24.7,48.1056,0,0
2024,12,21,9,26.4,40.7192,0,0.1
2024,12,21,12,19.5,85.47,0,0
2024,12,21,15,15.7,95.6044,0,0
2024,12,21,18,15.3,91.9492,0,0
2024,12,21,21,13.5,96.7892,0,0
2024,12,22,0,12.8,100,0,0
2024,12,22,3,16,100,0,0
2024,12,22,6,21.3,71.7587,0,0.1
2024,12,22,9,24.8,54.4456,0,0
2024,12,22,12,19,93.9243,0,0
2024,12,22,15,15.2,98.7215,0,0
2024,12,22,18,13.8,100,0,0
2024,12,22,21,13,100,0,0
2024,12,23,0,12,100,0,0
2024,12,23,3,17.6,84.7262,0,0.2
2024,12,23,6,24,53.5451,0,0.2
2024,12,23,9,25.3,46.4135,0,0.2
2024,12,23,12,18.6,90.4089,0,0
2024,12,23,15,14.5,100,0,0
2024,12,23,18,13.5,100,0,0
2024,12,23,21,12.3,98.0444,0,0
2024,12,24,0,11.2,98.6812,0,0.2
2024,12,24,3,18.7,69.4431,0,0.3
2024,12,24,6,23,56.8763,0,0.3
2024,12,24,9,25.6,39.9617,0,0.1
2024,12,24,12,18.5,85.367,0,0
2024,12,24,15,14,93.6933,0,0
2024,12,24,18,12.4,97.402,0,0
2024,12,25,3,16.9,83.0202,0,0
2024,12,25,6,23.3,49.0053,0,0.2
2024,12,25,9,25.5,42.9499,0,0.1
2024,12,25,12,19.5,85.47,0,0
2024,12,25,18,13.2,98.7016,0,0
2024,12,26,3,17.7,73.9458,0,0
2024,12,26,6,24,43.9722,0,0.1
2024,12,26,9,25.7,39.7251,0,0.1
2024,12,26,12,20,77.7481,0,0
2024,12,26,15,14.6,96.1901,0,0
2024,12,26,18,13,100,0,0
2024,12,27,6,24.2,43.4469,0,0.2
2024,12,27,9,26,44.5233,0,0.2
2024,12,27,12,19,82.738,0,0
2024,12,27,15,14.4,91.2963,0,0
2024,12,27,18,13,100,0,0
2024,12,28,3,16.7,78.7785,0,0.1
2024,12,28,6,24.2,46.419,0,0.2
2024,12,28,9,26.4,33.3354,0,0.2
2024,12,28,12,20,77.7481,0,0
2024,12,28,15,15,93.7405,0,0
2024,12,28,18,13.5,100,0,0
2024,12,29,3,16.6,90.2678,0,0
2024,12,29,6,24.5,48.685,0,0.1
2024,12,29,9,27.7,40.2833,0,0.1
2024,12,29,12,20.2,81.8377,0,0
2024,12,29,15,16,93.7872,0,0.1
2024,12,29,18,14,100,0,0
2024,12,31,3,14.1,99.3534,0,0
2024,12,31,6,17.2,92.652,0,0
2024,12,31,9,21,73.0935,0,0.2
2024,12,31,12,16.8,95.0318,0,0
2024,12,31,15,14.6,100,0,0
2024,12,31,18,13.1,99.3484,0,0
